,Month,Time,AAp,ApB,BC,CCp,CpD,DDp,DpE,EEp,EpFp,FpG,GH,HHp,HpI,IIpp,IppJ,JJpp,JppK,KKp,KpA,INTERIOR,AIS,EAIS,WAIS,APIS,QML,NoQML,CpDc,CpDc2,CpDc3,CpDi,DDpc,DDpi,GH2,HHp2,JJpp2,GH3,GHc,CCpc,residual,EAISres,WAISres,TM,INTERIOR2,QML2,ROSS,RONNE
0,4.0,2002.2932,-16.1408,-259.3094,-6.8529,-78.1651,96.9536,34.4731,47.147,-17.9762,-125.4967,243.0527,737.5868,13.2612,140.5216,167.3493,-41.0384,-128.6382,-61.0707,-53.3387,-27.5382,-66.807,664.7796,-341.8186,739.7658,266.8324,-302.9885,-38.8302,98.2435,145.6724,134.0363,-1.2899,28.4776,81.6201,706.059,-32.484,-51.3652,783.332,847.5809,10.086,-262.2599,-218.6937,-43.5662,153.6821,-25.0543,7.9035,2.2662,-51.6046
1,5.0,2002.3562,-65.5648,-233.8027,37.7241,-100.6518,174.9294,29.749,19.3375,-39.9607,-149.2762,240.5336,766.1704,94.4749,7.5338,252.845,28.9726,-27.9928,-41.5216,-68.8969,-9.5151,-164.4521,915.0875,-298.1737,923.9098,289.3514,-308.8826,10.7089,181.1628,134.2449,235.0948,-6.2334,6.124,49.0864,804.4943,74.2752,-46.1171,786.37,823.4863,-54.3398,-82.0004,-219.5403,137.5398,123.4466,17.3713,-118.9667,70.7402,-0.2588
2,8.0,2002.6247,-166.3563,-88.9177,-100.1248,-67.6233,35.3765,99.9609,-10.8437,-44.3148,-98.4291,229.3588,715.3645,92.9999,43.6722,156.1851,9.3914,-124.2585,-100.0224,-44.8453,-37.965,-238.159,498.6083,-525.6759,815.0355,209.2487,-293.2391,-232.4368,95.527,184.8392,85.1749,-60.1504,115.9257,89.1172,743.7892,33.6126,-93.2959,774.7518,802.6891,3.5078,-376.7973,-417.081,40.2837,125.4906,-200.7567,-57.781,-16.5194,-80.5089
3,9.0,2002.7082,-182.2692,-133.3241,-89.5328,-8.6361,78.7941,80.3281,-55.2637,-58.4099,-82.1256,240.5005,734.118,47.6295,35.3696,148.3482,14.7555,-211.3986,-58.9184,-29.377,-86.0272,-246.6378,384.561,-542.6362,728.7239,198.4733,-401.6205,-141.0157,74.8023,183.1354,109.3047,3.9918,76.2456,25.0644,726.7753,23.2569,-179.6832,758.4906,820.8775,-3.6049,-270.6491,-240.8824,-29.7668,161.5269,-197.6494,-128.421,-50.7767,-46.512
4,10.0,2002.7918,-100.0059,-208.4828,-56.499,-66.193,139.908,-22.8014,44.4617,-26.8705,-112.1515,243.985,784.016,49.9649,34.7858,176.635,35.6908,-102.3049,-59.1599,-56.7829,-18.0315,-272.0599,680.1638,-430.4571,863.5093,247.1116,-326.5203,-103.9369,161.1441,98.4602,150.2678,-21.236,-28.0812,21.6603,796.561,21.802,-86.6871,812.1788,822.8522,-28.5523,-235.4107,-286.7413,51.3305,48.877,-132.9805,-99.8036,27.0751,-32.7575
5,11.0,2002.8753,-68.8427,-284.7985,-31.1374,-100.5441,61.418,55.9194,-24.3925,-43.8495,-88.8477,241.0203,742.5216,-9.4961,104.476,177.219,-19.7059,-149.6052,-117.5305,-51.7584,-32.3973,-244.375,359.6684,-637.9136,735.5929,261.9891,-386.0386,-251.875,107.1739,92.3611,83.0034,-45.7559,33.2778,31.5269,708.5065,-10.7254,-114.3608,743.7509,788.4175,-43.7727,-398.7338,-390.5758,-8.158,98.892,-215.2768,-49.14,-6.3365,-30.7476
6,12.0,2002.9589,-78.2628,-272.3371,-49.2611,20.8415,-62.4657,46.1664,-15.4389,-16.8453,-158.4288,209.9153,766.4361,56.8225,27.7629,165.3828,9.0271,-98.9809,-69.1641,-76.2605,-8.6552,-325.9128,396.2543,-581.6828,775.7643,202.1728,-359.2551,-222.4277,61.3424,114.5848,26.5828,-123.8081,68.4749,30.7275,808.8307,-2.5128,-82.0401,825.7715,790.7477,66.4268,-364.5048,-314.4976,-50.0072,25.5754,-153.1916,-36.1095,65.1597,-3.6701
7,13.0,2003.0438,-302.0991,-32.2764,-120.8446,-63.6745,-274.734,312.1757,-67.7205,-2.1317,-103.1938,201.0973,796.376,-17.4803,25.967,176.9253,-3.9186,-148.0498,-162.8815,-52.6971,-56.9707,-364.8564,103.869,-823.8542,728.7494,198.9738,-391.3462,-432.508,-74.6818,207.088,-11.5844,-200.0522,324.6037,244.4553,728.5445,5.054,-102.7526,773.8417,789.6937,58.2396,-647.3738,-602.2815,-45.0923,57.3428,-316.3906,2.2503,14.3083,-75.347
8,14.0,2003.1247,-181.0551,-127.1495,-77.1309,-7.3314,35.9199,-53.0292,102.594,-43.0502,-26.6433,234.7579,665.6207,5.0764,74.9685,159.2962,-1.1838,-133.633,-152.086,-57.2787,-1.5864,-91.3659,417.0761,-561.1835,745.1787,233.0809,-309.7911,-251.3925,44.3289,178.6312,-23.3745,-8.409,27.557,49.5648,610.2749,-10.2338,-62.977,680.9309,765.5441,-1.6977,-281.0383,-345.2861,64.2479,94.8778,-161.7849,39.1661,-15.4278,-75.3073
9,15.0,2003.2055,-108.699,-230.8616,-49.8794,-31.9029,116.5736,30.8061,-48.57,-23.1866,-99.6876,226.143,644.4184,31.2761,41.0856,165.0176,4.6004,-110.0593,-45.6794,-53.5188,-28.1688,-170.5037,429.7074,-473.0868,692.0906,210.7036,-367.7294,-105.3573,119.8908,87.806,91.3719,-3.3172,-12.0361,-17.7639,661.8974,6.1695,-102.4317,669.525,719.1767,-10.6681,-184.9187,-207.4842,22.5655,98.9627,-81.2627,-82.2331,-18.0095,-32.7523
10,16.0,2003.289,-154.4362,-170.0806,-36.7849,-69.2203,30.2399,51.0219,62.776,-2.3307,-43.1016,216.1187,798.1168,-24.3411,76.4914,108.2145,9.7117,-63.0311,-47.0221,-47.4915,-30.1202,-188.7377,664.7305,-413.4487,883.7617,194.4175,-354.637,-58.8117,115.0897,132.4991,87.9456,-84.8498,71.8846,113.7979,726.46,2.3831,-18.0985,771.3926,788.2611,-3.6603,-175.3302,-287.6993,112.3691,80.2496,-147.0714,18.7166,35.6276,-20.9798
11,17.0,2003.3589,-173.8973,-143.8739,-51.9213,6.5945,78.7881,-16.3149,14.0535,-19.2763,-57.456,222.498,730.5727,3.5281,53.208,130.5036,6.9757,-57.7934,-68.3133,-41.4301,-40.9986,-75.9454,575.4469,-456.5897,841.3493,190.6873,-358.7698,-97.8199,78.9589,166.0001,81.9647,-0.1709,3.5458,-2.2614,705.7947,7.7225,-37.2099,726.3783,757.3091,35.9464,-59.5464,-174.5175,114.9711,133.0365,-88.0854,30.6512,-10.651,-6.2197
12,19.0,2003.5397,-130.895,-168.3728,-40.4372,-22.4752,82.4885,15.276,-38.4545,-16.3198,-68.6185,222.0807,686.4608,33.7149,16.9077,121.1699,21.2646,-154.7594,-60.9331,-37.8338,-44.1849,-222.601,416.0788,-462.1419,718.8784,159.3422,-343.4527,-118.6891,98.1834,108.6477,108.5931,-15.695,-7.062,-23.1785,711.2279,-5.5399,-140.2717,725.7156,749.803,7.5062,-200.5312,-193.694,-6.8371,91.2041,-114.2855,-77.7884,-15.3748,-79.4848
13,20.0,2003.6247,-156.3066,-126.5552,-29.863,-52.4678,10.3892,102.4654,-36.0827,-34.7848,-82.2728,230.5165,689.8588,-34.4879,77.2643,114.6912,16.683,-155.7446,-91.0336,-66.5724,6.4618,-150.6399,382.1589,-474.3495,647.87,208.6385,-276.3999,-197.9496,73.5709,108.8191,58.3952,-63.1817,77.3456,66.3827,627.8472,-40.639,-87.5819,696.0099,748.6096,-18.6512,-386.0432,-337.9033,-48.1399,90.5328,-146.1109,-41.9911,-12.2129,-36.9419
14,21.0,2003.7082,-87.9815,-234.3588,-18.6173,-49.6224,61.9931,43.1344,-27.6651,-41.9445,-132.1313,216.1919,733.4653,-17.8617,55.5624,146.3962,11.3234,-123.9729,-59.9384,-60.121,-46.0085,-231.18,367.8432,-521.13,675.6912,213.282,-368.3488,-152.7812,107.2332,102.8833,95.8922,-45.2401,22.3524,15.4693,693.2377,-3.7168,-97.8903,719.3203,741.8887,-9.4232,-319.1128,-275.4838,-43.6291,85.7528,-146.4695,-6.5898,8.6921,-3.5004
15,22.0,2003.7904,-113.2695,-192.6135,-27.4895,-63.9871,52.6444,1.3707,32.8432,-11.2706,-104.1239,215.8359,701.0872,45.0611,48.3568,136.5923,4.2349,-50.5104,-62.5408,-40.6405,-74.6201,-270.3573,496.9604,-499.5734,807.3498,189.184,-380.5032,-119.0702,110.2291,102.3527,69.406,-57.5846,16.7998,34.2139,714.0575,6.802,-25.2218,739.3462,748.3656,-3.7634,-195.5096,-263.5132,68.0036,65.6753,-203.2844,-33.1631,15.2078,-14.9608
16,23.0,2003.8753,-88.806,-213.1968,-26.4557,-81.1575,6.0685,59.8441,17.0648,-14.176,-116.7344,203.8815,729.9851,6.3788,60.8507,145.3692,4.5578,-63.2043,-80.6545,-58.1697,-17.2662,-241.7999,474.1795,-496.905,760.3068,210.7778,-319.2689,-177.6361,91.206,100.2578,77.2838,-85.1375,60.4017,76.9089,722.5386,-3.2157,-46.1632,739.5797,746.6267,-22.6426,-325.0239,-345.751,20.7271,44.8627,-155.0119,-58.1777,58.5037,-37.0931
17,24.0,2003.9589,-91.5104,-197.3877,-41.5122,-54.5626,40.2099,-16.3704,50.2937,-33.0486,-79.8072,222.7508,636.1847,36.7802,37.1576,167.1247,4.0283,-104.0114,-109.414,-41.3581,-44.6431,-236.8608,380.9041,-539.3035,711.897,208.3106,-333.5412,-205.7623,83.2656,86.4199,54.4835,-43.0557,-3.826,33.9233,644.1357,16.2946,-91.4769,656.6702,703.4,-16.4517,-267.7244,-322.9512,55.2268,37.4565,-163.5754,-38.2392,18.1921,-49.8835
18,25.0,2004.0191,-153.9495,-107.6783,-59.8542,-90.9172,41.8296,23.0,10.2531,-40.0538,-150.6671,217.4941,639.7392,46.4972,-11.3343,186.5023,19.8471,-106.5305,-96.1268,-68.9115,-12.1797,-207.7696,286.9596,-554.5884,646.5328,195.0151,-273.8075,-280.7809,95.1107,67.353,78.3938,-53.2811,21.0498,33.2531,682.4689,24.9263,-127.6894,661.3101,688.8305,-61.5551,-423.9219,-409.1446,-14.7772,15.8797,-183.1527,-70.6394,1.7307,-58.2345
19,26.0,2004.1298,-127.9058,-126.7654,-53.6723,-77.257,34.0743,8.0278,4.2484,-36.2685,-120.8233,184.9462,649.294,1.4144,53.6966,96.2136,-3.756,-107.7123,-74.719,-73.0249,-31.1719,-187.2431,198.8387,-554.4345,607.1189,146.1543,-285.8431,-268.5913,81.3215,77.1528,54.1855,-47.2472,24.4781,12.2761,631.3226,-13.4471,-74.8795,664.1554,685.2646,-4.2965,-419.2254,-362.1889,-57.0365,51.5379,-179.9801,30.8073,9.1556,-5.323
20,27.0,2004.2077,-126.5419,-178.9861,-41.5021,-53.0553,2.4005,52.4475,6.294,-25.7939,-75.5909,177.1542,714.0403,-45.7262,71.7749,123.6762,-8.0046,-88.2287,-48.015,-76.755,-21.0228,-196.889,358.565,-510.5301,681.6487,187.4464,-326.5507,-183.9794,62.5185,108.8795,54.2727,-60.118,55.7653,58.7415,644.7038,-12.8574,-51.761,681.1715,706.3509,-2.7922,-304.7621,-305.2393,0.4772,98.9984,-121.38,-25.468,22.5341,0.4229
21,28.0,2004.291,-98.6094,-213.3183,-5.1974,15.0814,79.1775,-29.0465,-2.0244,-23.2301,-91.234,183.338,696.1425,-2.148,78.6529,115.8646,-14.7646,-100.441,-60.6627,-71.9723,-25.7692,-209.9176,429.8387,-435.5716,685.6574,179.7529,-337.697,-97.8746,81.275,130.4713,60.1869,-2.0975,-22.3871,-31.0709,686.3319,-4.2626,-88.5158,698.2571,708.2306,5.7844,-160.6784,-148.0787,-12.5997,93.3931,-38.8018,-162.2169,-10.8376,-18.6397
22,29.0,2004.3743,-83.6779,-146.261,-12.9206,-13.4061,71.7364,23.7512,11.2491,-3.1628,-50.2378,195.634,691.6374,-14.0849,100.6006,139.6257,-20.1401,-84.0489,-51.0024,-40.711,-16.6108,-65.8232,697.9702,-261.0158,738.8998,220.0863,-246.5496,-14.4662,84.8661,80.7845,87.3221,-13.1297,7.3046,35.0003,654.9098,4.5703,-65.9766,672.9821,718.3885,-6.0774,-68.4149,-134.3326,65.9177,73.7773,-13.9428,-26.47,13.7786,-25.8857
23,30.0,2004.4577,-116.5306,-162.2376,-24.9834,-41.4936,81.3046,-23.31,43.9526,-7.2262,-89.9048,203.9092,616.2946,55.1093,33.4491,124.5827,7.7417,-100.9159,-29.4634,-43.5335,-56.3668,-269.9588,470.3779,-379.888,684.4923,165.7736,-335.135,-44.7531,109.3647,70.6388,61.7938,-28.0602,-16.144,20.6425,648.8303,-1.146,-77.1963,672.5498,692.4044,11.6819,-162.8178,-174.7603,11.9425,46.4701,-122.9064,-44.7047,0.333,-70.165
24,31.0,2004.541,-91.4022,-170.3256,-32.5918,-1.9788,14.1922,23.2916,18.8485,-43.0683,-87.2174,171.7624,726.1927,-37.7626,72.7338,92.0459,18.9477,-134.0442,-97.5418,-48.8392,-69.4235,-230.3539,323.8195,-498.8389,638.931,183.7274,-331.1512,-167.6877,63.9598,121.2477,53.2841,-49.7676,24.5372,42.1401,659.1116,-7.5738,-97.1517,696.004,714.4786,27.2249,-330.8606,-273.7876,-57.073,70.9252,-171.128,10.4556,-14.6499,-53.9227
25,32.0,2004.6257,-81.226,-149.1942,-38.4543,-40.8148,50.6432,47.4183,42.1254,-39.6202,-92.9698,197.6343,598.4684,65.6677,48.1814,136.6414,0.5942,2.3776,-77.5326,-24.583,-111.3283,-261.7333,534.0288,-422.5663,771.1781,185.417,-341.7484,-80.8179,88.1091,101.5737,49.409,-37.4659,54.663,89.5437,657.9503,33.454,-24.8906,630.6821,666.669,14.4295,-117.9747,-258.4707,140.496,77.9503,-202.1524,-27.4145,-10.8328,-9.9527
26,33.0,2004.709,-112.3213,-180.6809,-16.6377,-24.7572,109.7888,17.0301,27.2139,-42.682,-101.7951,175.4119,681.3622,-30.8247,115.6317,115.9858,-20.7211,-16.0113,-86.5443,-65.2466,-24.7138,-185.0071,519.4883,-399.551,708.1429,210.8964,-317.716,-81.835,126.2215,120.2096,65.7764,-16.4327,30.7547,44.244,642.8907,0.7309,-9.0954,649.8066,684.4968,4.2886,-193.9642,-252.3005,58.3363,111.4096,-135.9758,-17.0635,18.3837,-21.0473
27,34.0,2004.7923,-86.632,-184.1962,-12.674,-64.7036,94.9694,26.0292,55.3178,-25.9531,-100.9198,166.6771,639.9647,24.9498,57.9508,145.7319,16.4322,-26.3637,-71.6857,-64.574,-20.9666,-234.0612,569.3541,-355.0689,704.3081,220.1149,-291.7948,-63.2741,158.0517,84.4154,86.1642,-63.0823,39.8614,81.347,639.9449,8.5231,-9.9172,656.3914,672.637,-34.8765,-254.7561,-302.6728,47.9167,33.241,-109.6039,-71.0264,59.3815,-47.3861
28,35.0,2004.8757,-111.792,-130.3586,-39.8985,-53.5684,-27.2354,85.0668,41.6308,-20.6182,-86.1604,169.3068,657.634,1.2184,68.6255,128.6401,0.2546,-82.7542,-110.3896,-64.8539,-44.8672,-212.9603,379.8805,-476.8843,659.2447,197.5202,-287.0178,-189.8665,69.4634,77.3922,36.469,-96.6988,85.4371,126.6976,641.5591,8.6822,-74.143,650.1703,673.9919,-3.9413,-376.9531,-386.0275,9.0744,32.6057,-177.7308,-30.9899,10.9162,-89.4111
29,36.0,2004.959,-90.5743,-159.8306,-43.0501,-29.3521,73.4131,45.9945,-18.79,-55.6062,-95.8625,181.645,583.6001,50.415,56.6619,126.1137,11.7025,-35.3401,-106.9081,-79.3118,-39.7131,-201.1596,375.2069,-503.7286,684.4575,194.478,-290.118,-213.6107,93.6664,104.2692,77.7801,-20.2533,31.3774,27.2045,607.2125,27.9992,-36.5367,606.0159,640.667,-3.106,-256.04,-334.4816,78.4416,98.577,-148.847,-75.0657,-2.4662,-24.883
30,37.0,2005.0438,-125.9476,-170.0356,-20.6417,-60.577,115.1312,49.5959,-3.97,-36.2131,-99.4023,172.066,638.2203,-9.2341,90.997,80.4167,-5.3723,-49.2756,-118.8546,-68.6821,-40.24,-185.6286,337.9811,-480.4347,652.3743,166.0414,-336.2232,-144.2114,155.7029,63.9272,101.4762,-40.5717,30.1601,45.6259,621.7989,-3.8702,-38.2182,632.8564,653.3503,-56.5706,-326.0223,-345.5403,19.518,33.0729,-85.2572,-77.8666,16.593,-13.4035
31,38.0,2005.1247,-85.6719,-172.1493,-57.8543,-4.3392,22.0561,74.207,-36.5257,-39.132,-61.3123,188.9749,491.6857,46.1586,87.9269,101.7993,-25.1883,-21.6622,-103.8445,-42.5293,-72.3039,-204.5836,290.2957,-518.0869,643.8447,164.5379,-330.1251,-187.9619,60.2982,120.6774,65.6157,-38.2421,54.3108,37.6813,530.693,-0.6181,-13.8929,538.4623,605.5694,28.9394,-180.559,-285.9413,105.3824,133.8783,-141.4616,-29.659,-4.3524,-44.4575
32,39.0,2005.2055,-91.4478,-126.5414,-41.5503,-25.7388,98.8517,30.0173,-39.8814,-45.9891,-92.41,169.3852,559.3768,35.1991,69.0397,139.5075,-15.6517,-38.3373,-92.8701,-47.5406,-51.2485,-167.6485,392.1702,-433.939,633.2138,192.8955,-269.2377,-164.7013,100.992,113.6883,88.9874,-2.1402,15.0656,-9.8641,591.5858,18.7357,-54.083,575.8401,619.7051,-17.5483,-198.4556,-255.8292,57.3736,127.6602,-162.5845,-42.9976,-24.2593,-55.7859
33,40.0,2005.289,-99.8977,-112.9069,-9.6971,-27.5415,104.8419,3.8128,34.1526,-6.154,-85.402,160.4934,531.6414,52.6196,73.0891,127.995,-4.7853,-35.5202,-73.1055,-41.7451,-53.0964,-169.7609,538.794,-281.337,623.8323,196.2988,-265.901,-15.436,144.1972,98.1201,105.7857,-39.3553,17.0617,37.9653,584.1449,-2.8915,-32.5126,587.1525,608.9666,-17.9994,-160.9187,-197.5985,36.6798,44.5113,-80.1535,-68.1171,-8.9708,-55.3723
34,41.0,2005.3726,-80.5356,-113.495,-21.7242,8.7762,74.0372,24.2471,23.9855,-6.8068,-57.9861,159.6063,576.9153,16.9965,55.6039,109.2663,29.8573,-93.7109,-69.2019,-54.4479,-27.4093,-34.6783,553.974,-242.5745,601.8211,194.7274,-221.4398,-21.1347,89.8596,120.3843,76.9431,-15.8224,28.5,48.2326,576.5465,3.2704,-79.616,590.6414,625.2237,2.0713,-148.0471,-159.2269,11.1798,93.272,-66.5151,31.5074,-1.944,-21.4939
35,42.0,2005.4562,-124.1213,-77.2429,-34.5261,-35.7286,94.9536,28.8539,4.1381,-39.9276,-60.0549,166.4309,570.6091,22.0557,81.5607,122.4246,9.9159,-59.3969,-114.0457,-57.4448,-48.3567,-216.7943,450.0969,-403.4482,639.6438,213.9013,-249.7209,-153.7272,124.706,128.9463,118.3848,-29.7524,37.0218,32.992,581.5943,7.6855,-56.0118,584.9794,608.592,-20.0507,-256.7608,-311.4252,54.6645,94.8692,-191.8857,-48.7765,-19.8198,6.2523
36,43.0,2005.5397,-109.5519,-85.525,-28.4913,20.1357,97.9095,32.1445,-42.1028,-31.1126,-39.0686,188.4377,508.9403,43.4282,88.4716,100.4538,-7.6364,-22.8004,-88.0462,-50.0039,-77.756,-188.0494,497.8261,-362.4,678.9372,181.2889,-272.8329,-89.5672,108.9157,109.6493,93.9229,-11.0062,17.7731,-9.9583,549.1991,8.7055,-28.3365,543.663,592.4123,9.3775,-53.2503,-188.5245,135.2742,89.2562,-104.9073,-126.3353,-7.4116,-1.721
37,44.0,2005.6247,-99.1107,-117.1292,-32.2863,38.4056,104.818,-5.5874,-19.7737,-42.0754,-81.0098,182.3567,483.4973,48.802,66.916,104.5411,-12.3224,-17.2626,-77.0531,-56.7238,-53.3583,-161.8365,415.6439,-359.8744,616.3836,159.1347,-269.5982,-90.2762,87.7447,110.3999,75.1355,17.0733,-7.8388,-25.3611,539.7663,9.2357,-33.9653,523.0636,576.2352,35.7152,-59.3397,-152.6598,93.32,129.1148,-123.2557,-33.2909,-1.685,-25.1303
38,45.0,2005.7082,-75.3568,-130.3211,-29.1237,52.6513,115.5707,-23.1571,14.5056,-29.8474,-33.2449,193.1372,538.5542,45.1322,66.4885,88.7043,-5.7492,-49.4875,-85.8113,-54.8144,-54.7555,-142.8043,543.0748,-300.4598,694.091,149.4436,-260.4334,-40.0264,87.2999,136.6981,60.4494,28.2709,-3.3109,-8.6515,583.0591,7.1737,-56.034,576.5126,608.3235,17.1406,-1.0963,-118.6748,117.5784,134.0731,-79.1201,-51.4907,-30.3738,-61.2794
39,46.0,2005.7918,-112.4713,-53.7448,-32.8835,-27.6924,99.2619,48.867,-5.0352,-24.0675,-32.9742,181.4914,599.68,6.7434,71.1503,106.9794,-0.4408,-60.2795,-95.1468,-65.4172,-42.9606,-171.4434,561.0595,-311.2905,694.6612,177.6889,-209.1768,-102.1138,137.2358,115.6363,95.554,-37.9739,50.0388,43.8317,601.6482,-0.8045,-54.6997,607.2279,621.8324,-12.4824,-195.748,-283.1813,87.4332,91.827,-155.5793,-49.2859,-12.5947,-78.1722
40,47.0,2005.8753,-64.7,-166.6545,10.0236,26.133,89.1322,10.9129,23.8657,-34.8736,-78.7342,172.6703,617.2695,30.0019,63.7158,97.5533,5.8643,2.8873,-53.0938,-102.535,-2.0987,-198.9736,647.3403,-263.8881,744.0949,167.1335,-233.4531,-30.4349,107.9422,112.6485,59.4665,-18.81,30.1554,34.7787,650.2876,14.6107,-14.7397,632.6607,624.4682,32.1729,-61.7216,-173.1557,111.4342,86.2508,-49.5041,-62.8934,27.1081,-43.8687
41,48.0,2005.9589,-53.6814,-196.4851,-40.6982,81.2531,138.9446,64.3773,-100.517,-21.5503,-59.1765,202.0743,573.1111,20.672,77.5316,102.0302,-22.6751,-21.2683,-102.2113,-67.1724,-80.6305,-170.699,493.928,-378.3712,715.4125,156.8867,-330.797,-47.5742,112.6904,117.8795,91.6319,26.2541,12.9378,-36.1396,596.3649,17.9181,-41.7682,575.865,602.3319,23.452,15.4226,-124.125,139.5476,165.4895,-57.5573,-132.6899,-10.1975,-2.3335
42,49.0,2006.0438,-145.5751,-71.1107,-68.3524,-5.7321,132.3509,40.3462,-48.3287,-10.9195,-54.4252,197.4754,508.3514,45.6434,76.8583,89.5085,-8.7111,-8.5335,-75.5456,-69.4155,-34.6277,-166.9264,489.2569,-356.9102,688.5114,157.6556,-251.3135,-105.5967,131.5283,104.1866,85.6663,0.8226,39.9901,-7.9825,571.3039,0.3625,-26.2052,553.6322,582.8084,-5.7842,-94.2633,-229.1426,134.8792,104.4678,-102.9849,-102.5524,-4.4071,-24.776
43,50.0,2006.1247,-86.6808,-82.0938,-48.6351,-58.1897,73.4659,72.5276,4.9507,-23.1871,-51.6838,169.4527,592.3525,13.5729,72.3772,105.8785,-0.9634,-47.5866,-117.8873,-36.1143,-66.1651,-174.2827,485.391,-368.0091,676.1078,177.2923,-234.9397,-133.0694,118.0383,87.1546,77.7975,-44.5724,56.7444,77.4783,598.0388,6.3621,-46.0621,599.5633,602.0039,-35.6887,-252.0415,-328.586,76.5445,94.4215,-169.096,-22.7289,8.3749,-72.1151
44,51.0,2006.2055,-91.587,-46.6053,-14.7635,-13.8403,84.2576,70.7931,58.0765,21.2066,40.4764,184.0347,406.9886,101.5064,25.9105,101.4276,39.8915,-61.8006,-41.076,-32.1528,-65.7953,-69.4522,766.9487,-71.4864,671.2055,167.2296,-203.9876,132.5011,111.1142,127.6912,70.1434,-26.8567,93.33,128.8695,493.6488,32.9161,-79.8705,475.5789,541.0625,-15.8478,88.144,-107.4826,195.6266,103.8427,-84.7398,-15.5759,-6.0244,-72.5846
45,52.0,2006.289,-109.3568,-82.1035,-11.4793,-21.118,105.4236,80.5779,7.8876,29.2543,18.3903,170.3867,528.0428,10.8192,55.9204,89.8269,49.594,-51.7424,-27.2874,-21.6544,-74.3576,-43.9719,747.0244,-124.2136,675.8966,195.3414,-265.8178,141.6043,98.7936,80.9413,76.2658,6.63,66.5852,88.4654,504.2306,10.7713,-27.8822,528.0908,582.0978,-6.288,102.151,-45.6548,147.8058,92.0709,-78.4965,9.849,-31.1606,-22.1699
46,53.0,2006.3726,-87.2805,-144.4307,39.4931,9.8454,137.8007,42.15,21.161,-0.4471,-0.2485,146.4674,548.3348,-29.589,104.3276,36.078,15.6551,10.2388,-19.1648,-17.1111,-76.2196,-45.145,737.0606,-94.2036,675.2035,156.0606,-307.9308,213.7272,132.1174,105.8576,94.6939,5.6832,34.4316,63.3109,516.994,-24.416,36.4066,543.1618,566.9352,11.9327,150.3406,18.2989,132.0417,95.5447,28.3829,-52.0931,0.716,10.906
47,54.0,2006.4562,-107.4284,-50.0616,-40.2647,-49.8853,66.3957,128.6256,-12.5433,35.4891,9.252,161.1749,479.0499,57.2319,75.3273,92.0264,15.2105,53.028,24.2426,-11.5519,-85.2411,-156.3221,840.0777,-102.2233,759.7367,182.5643,-242.7311,140.5078,111.6918,56.052,54.3812,-45.2961,112.9507,116.0823,535.3867,27.5235,26.3997,508.7583,538.0537,-3.4494,163.712,-87.2663,250.9783,58.4737,-138.9515,-24.2608,12.0347,-8.684
48,55.0,2006.5397,-108.1258,-82.8613,-44.9426,-43.8895,94.3208,111.1105,-34.9641,-13.038,-24.6383,135.7585,526.5288,0.0428,116.9456,77.5796,14.8697,1.7961,-63.7205,-35.8781,-15.3979,-7.2423,611.4962,-237.3866,639.4879,209.3949,-206.3851,-31.0016,107.9583,83.0452,75.9346,-13.6375,83.1155,76.1463,521.0035,2.6038,4.7604,523.9678,547.6015,-37.1591,-99.5861,-215.1062,115.5202,87.9499,-71.3215,-32.9439,-11.8842,-33.2642
49,56.0,2006.6247,-68.5972,-89.7959,-25.8855,24.0858,102.6017,71.2887,0.0145,18.9146,4.0469,178.1345,529.7862,18.2609,119.2868,132.1627,21.9287,-34.4216,-74.1191,-13.7363,-43.7455,-25.6195,870.2108,-98.9742,695.8069,273.3782,-202.1386,103.1644,113.8681,113.8427,63.927,-11.2664,75.3839,71.3032,537.7661,8.5987,-32.7393,539.4483,567.5182,1.5769,74.3516,-82.0069,156.3585,99.7338,-43.6885,-18.146,6.7557,-11.4358
50,57.0,2006.7082,-103.4857,-82.156,-44.9351,-0.0201,116.5041,93.0269,-12.2795,8.5401,8.9587,180.8908,425.4851,36.5024,87.0289,93.3874,33.0869,-21.907,-60.637,-27.5069,-48.8032,-57.0342,681.6809,-161.7525,629.9302,213.5033,-234.445,72.6924,94.4499,121.0077,72.1445,22.0542,64.3337,80.7473,466.2194,-5.1864,-20.9524,467.174,510.0542,6.9592,60.2514,-102.5048,162.7562,134.1132,-61.2344,-32.3111,-28.3185,-4.0776
51,58.0,2006.7918,-101.274,-107.106,-38.5956,-47.8589,116.9065,75.5159,-43.807,-13.0046,-79.9522,153.6773,511.386,-10.3485,111.2664,82.2097,12.2052,22.9677,-35.9913,-44.5036,-46.6349,-178.3706,517.0582,-286.3534,597.7303,205.6813,-255.0148,-31.3386,120.5729,76.1351,96.5596,-3.6664,45.4791,31.7088,523.7668,-12.169,12.4074,513.2065,520.118,-2.6288,-99.0965,-183.6203,84.5238,97.0614,-102.6306,-38.211,-3.7799,7.1629
52,59.0,2006.8753,-129.9735,-43.9537,-38.4081,-25.3273,89.0949,66.022,-18.1642,-17.4364,-58.0997,133.4699,575.2053,-53.6221,156.0077,44.5631,-5.9849,39.2649,-24.017,-41.7866,-24.4993,-139.8761,622.3551,-208.4491,636.2183,194.5859,-198.4264,-10.0226,118.2679,67.6283,108.6297,-29.173,40.9256,47.8579,525.6985,-21.6917,56.8413,543.2749,533.8915,11.5729,-83.205,-176.1484,92.9434,54.5158,-89.3929,-51.1261,24.8678,16.0138
53,60.0,2006.9589,-95.0541,-71.4663,-44.7804,-24.2455,121.9536,63.0218,-68.308,-4.9882,-51.1746,182.9684,351.7254,96.7203,121.1288,52.1613,-14.4278,44.2086,2.8701,-28.3275,-21.9184,-75.6038,612.0676,-171.2428,624.4481,158.8623,-188.4388,17.196,112.5119,45.0052,102.1382,9.4417,15.2371,-5.2862,456.4704,-7.9697,44.1535,456.4153,482.8561,-15.9888,78.0029,-90.0298,168.0327,90.5438,-67.7258,-5.9765,9.1453,-23.3088
54,61.0,2007.0438,-60.2511,-153.9201,-36.0916,-31.1544,110.5781,-16.9237,-12.4019,-28.6107,-17.411,125.2077,519.8466,-54.809,98.84,47.2347,8.5579,-52.6452,-46.812,-8.911,-65.4645,-130.3454,324.8587,-349.9629,520.189,154.6326,-279.6357,-70.3272,104.893,58.6805,69.7433,5.6851,-11.9574,-29.3256,473.853,-25.8259,-35.6348,490.8634,504.6732,-18.8127,-116.5691,-145.8947,29.3256,49.7261,-99.984,-24.6649,8.9879,-39.7834
55,62.0,2007.1247,-103.7125,-114.9947,-26.016,21.9204,22.6411,13.5829,2.3236,-26.0846,-58.764,129.7076,404.1534,28.2584,58.9555,37.2875,17.1844,-17.171,-11.3331,-28.3409,-53.6109,-187.595,295.9872,-303.6247,486.1844,113.4274,-272.3181,-31.3065,53.5731,92.6065,47.3344,-30.932,38.6671,15.9065,452.5459,-16.0228,-21.2823,448.4345,447.298,47.2754,-63.0363,-100.7861,37.7499,61.8109,-107.7746,-54.2085,9.1795,-25.6041
56,63.0,2007.2055,-103.8239,-115.2423,12.0465,-15.2517,104.0129,18.0593,66.7115,-10.3277,-23.4871,129.3403,456.2805,9.2137,50.812,56.4301,38.5274,5.3731,-22.7573,-40.563,-20.4419,-73.3301,594.9123,-127.5777,576.7205,145.7694,-239.5081,111.9304,110.274,84.2274,67.4004,-6.2611,42.0162,84.7708,473.0804,13.1453,-15.3584,452.3489,451.4601,2.0908,41.2573,-83.1144,124.3717,43.069,13.5693,-17.2495,17.8751,26.0107
57,64.0,2007.289,-111.0915,-73.9848,5.157,4.2155,76.6708,70.6042,-10.878,7.9777,17.6742,144.5427,430.1568,-14.6102,93.2344,44.0371,4.987,7.1848,24.5765,-19.902,-69.5625,-18.6752,630.9895,-96.2172,584.9483,142.2585,-254.6388,158.4216,82.1075,72.4525,71.4061,-5.4367,48.5819,59.7262,407.7555,3.7815,11.1945,411.7651,443.9981,17.6863,189.7711,16.5879,173.1832,79.507,-6.7391,28.1627,14.8133,17.6584
58,65.0,2007.3726,-103.0888,-4.8252,-11.8957,14.7965,112.6703,39.172,5.7268,-3.9479,-11.4076,156.873,371.4732,95.6796,66.1921,57.5876,-2.7812,44.7314,1.8936,-5.1972,-67.0411,-11.6313,756.6115,-21.7368,657.3497,120.9986,-174.9551,153.2183,87.7788,91.7988,93.8442,24.8915,36.6485,44.8987,471.3271,23.8469,16.7102,443.3059,450.3742,16.2601,234.5845,20.5408,214.0437,88.7646,-58.2249,-11.9636,6.3689,19.9613
59,66.0,2007.4562,-76.8539,-70.7686,4.142,15.4102,92.97,9.2943,36.1126,0.4647,22.6868,156.3243,452.682,1.2028,100.2314,36.4937,-3.0224,-16.0249,-18.6794,11.3924,-58.8489,-7.7295,695.2091,-55.3646,616.871,133.7027,-206.4714,151.1068,98.7968,75.0726,78.2227,-5.8267,20.774,45.4069,427.9754,-4.8578,14.7423,458.7427,483.1468,8.5191,165.0314,6.9031,158.1283,63.1727,-39.6246,5.6676,22.4553,-21.1835
60,67.0,2007.5397,-81.9698,-70.1659,-15.5354,-4.0804,49.6788,59.4548,23.1525,-3.2068,31.9659,169.5239,389.3477,53.238,3.8227,53.8297,29.3132,-31.2424,-45.9745,-9.0375,-49.7783,-56.6726,552.3363,-147.4624,612.8331,86.9657,-201.9139,54.4515,58.568,67.3501,48.8195,-8.8892,68.0183,82.6073,437.877,22.5013,-49.035,420.0844,435.8423,-2.8404,106.0249,-86.7238,192.7487,67.0357,-74.094,10.0954,13.8522,-2.7344
61,68.0,2007.6247,-102.5579,-78.2877,7.0806,1.9569,86.0113,62.1778,-6.1311,4.2916,32.9539,154.5945,412.8343,5.2737,50.836,26.4037,30.6837,-16.1247,-44.183,-10.3003,-56.4284,-10.7797,561.0848,-136.3701,589.5316,107.9233,-237.274,100.9038,73.4369,52.2897,71.4021,12.5743,47.61,56.0467,425.4809,-1.5572,-21.9405,419.6651,430.3685,-22.3622,141.2867,-28.5798,169.8665,47.1236,-48.3122,-29.4986,-12.287,28.746
62,69.0,2007.7082,-67.4908,-129.5482,32.9389,27.549,89.179,59.8657,-20.8294,-0.8362,34.8249,151.0714,470.6563,-12.9782,74.3768,34.47,12.2572,52.3696,-14.8596,-63.6443,14.3784,22.8171,743.7507,-73.2974,695.9441,121.104,-182.6605,109.3631,78.2349,82.7709,65.6293,10.9441,61.7445,39.0363,445.4916,18.695,45.8611,438.9831,447.0748,28.8331,249.0529,-7.9081,256.961,99.9147,46.8172,-47.2257,41.2983,41.3364
63,70.0,2007.7918,-114.8698,-110.0953,-9.9329,35.6415,34.3188,28.5443,-10.9548,-14.5384,4.4639,129.4585,432.6406,9.6196,72.961,0.176,-5.2563,39.6757,-48.7515,-33.6307,-18.9346,-31.2253,420.5355,-263.2036,615.8584,67.8807,-243.8998,-19.3038,41.014,74.6945,22.1322,-6.6953,21.3189,17.5895,449.7403,-2.2251,34.4208,444.4854,437.8117,38.5277,93.4657,-77.9073,171.373,85.2654,-40.7949,-28.9755,9.9901,9.2911
64,71.0,2007.8753,-101.8454,-150.869,-27.0732,24.5188,38.6129,19.9496,-79.4086,-21.908,36.0696,168.2189,282.8054,45.2808,48.5191,21.4566,-11.2803,-19.2548,-18.2504,-11.3531,-31.1794,-104.8358,213.0096,-358.8057,513.12,58.6953,-283.8938,-74.9119,26.2089,54.2369,23.3764,12.4041,17.6402,-59.459,332.6986,-3.233,-20.6341,331.3192,383.4665,33.0534,140.139,-41.6618,181.8007,82.5724,-115.0206,-71.622,-4.3744,-35.9591
65,72.0,2007.9589,-92.5583,-126.0883,-1.9094,-11.5463,62.4794,-23.408,-33.1662,-28.4607,-10.5487,127.7456,392.0557,-20.5846,47.4978,5.9821,16.6803,-69.2272,-32.8961,-27.7771,-15.7292,-63.1014,158.5409,-331.0601,419.4408,70.1602,-234.3758,-96.6843,50.6716,29.7893,40.5327,11.8078,-6.6163,-56.5742,372.9014,-15.6006,-55.0568,387.0717,393.4239,0.0022,-58.4126,-90.7818,32.3691,17.6704,-90.2193,-49.8394,7.4704,-30.049
66,73.0,2008.0437,-119.5963,-130.9728,-15.663,-33.1259,-6.9229,15.2407,-16.6085,-32.7852,-47.2617,134.7392,269.9457,51.6761,-5.8555,-16.8793,22.8495,-32.8762,-38.8163,-46.8502,5.0674,-51.2864,-44.6949,-421.0328,376.2233,0.1147,-245.5017,-175.5311,18.4568,9.8381,28.7274,-25.3797,13.7588,-1.3678,333.6639,0.0625,-44.9808,321.5593,342.7583,1.6747,-137.9562,-192.6201,54.6639,3.8043,-64.2581,17.3544,6.299,-16.3739
67,74.0,2008.1257,-78.3224,-166.7248,7.7345,-13.4529,10.3449,39.3225,-49.0581,-23.5638,-55.2138,99.2605,429.1935,-36.4441,61.9567,-32.9337,8.9791,1.791,10.3632,-25.0192,-32.7577,-53.8679,155.4556,-321.1337,438.5872,38.0021,-277.8049,-43.3288,35.0241,-16.2719,38.6279,-24.6792,-9.1316,-9.7356,395.1289,-14.0972,13.5088,406.8467,373.6189,5.0484,-36.8768,-68.6174,31.7406,0.3167,-20.6236,-1.7629,0.2682,23.3023
68,75.0,2008.2077,-80.6435,-119.2868,-16.2523,-15.2812,-24.2253,23.8387,-2.5265,-22.7012,5.5879,139.2007,271.2822,55.5697,22.7101,9.9288,15.9392,21.9169,-8.4549,-1.3108,-53.7929,-77.457,221.4986,-320.6368,493.5574,48.578,-253.7232,-66.9135,-9.4456,19.4493,4.1978,-14.7797,29.3725,21.3122,314.7791,25.9107,8.079,300.9412,333.4964,15.3227,113.8361,-78.7801,192.6162,22.5655,-105.6547,-17.9293,15.9876,8.5916
69,76.0,2008.291,-111.0727,-45.4746,-2.1087,-15.7257,-11.2103,30.5887,45.5293,10.5919,30.801,124.1765,324.6555,60.4307,11.1338,42.2011,15.7697,40.1525,-41.6013,-9.8356,-0.8695,30.897,498.1323,-151.1885,580.2162,69.1046,-157.4168,6.2283,11.6016,50.7971,3.2465,-22.8119,52.1912,76.118,360.318,48.8501,16.0706,336.236,351.6469,-2.952,162.4889,-81.4913,243.9802,37.9481,-64.9029,33.4377,28.5437,-18.1732
70,77.0,2008.3743,-76.3249,-67.4734,5.4784,-31.5042,43.5534,-4.608,48.9185,26.4733,35.7856,137.0776,311.541,27.9192,20.2875,45.9405,14.2245,5.3154,7.4462,-0.4909,-29.228,50.6977,520.3317,-77.7597,517.6388,80.4526,-173.0264,95.2667,54.559,28.1587,41.4824,-11.0056,-4.7667,44.3105,337.3295,13.1909,-5.7447,326.2693,336.0504,-23.0153,187.7667,-3.6027,191.3694,23.48,15.5976,0.4781,25.3974,-18.7067
71,78.0,2008.4577,-132.5308,-66.5791,-18.1932,-16.8501,79.0666,-4.2767,-48.5403,13.3805,39.5563,126.3866,327.5686,-32.5918,45.6169,9.2722,19.7281,-51.7971,16.8437,-17.6662,-2.7805,86.6538,285.6139,-198.126,409.1226,74.6173,-201.8904,3.7644,45.1814,45.8262,37.0936,33.8852,-7.7708,-52.817,301.3397,-31.2148,-26.9451,326.1916,327.8616,2.972,94.3309,11.3999,82.931,68.366,22.2484,40.1045,-11.1896,6.9042
72,79.0,2008.541,-148.6548,-95.9573,-28.8941,-33.7492,13.2675,16.2733,-70.997,-9.8379,-17.2642,126.9987,288.49,8.5799,34.5603,17.1212,8.9391,1.477,-34.0508,-27.6044,-9.2816,-46.2449,39.4156,-429.4863,408.2814,60.6205,-253.8937,-175.5926,9.634,31.0039,12.0873,3.6334,-2.8987,-54.7237,310.8983,-8.7349,-3.6165,305.8047,303.7488,-8.73,-28.0263,-130.503,102.4766,52.7895,-51.557,-52.7689,-21.5341,35.663
73,80.0,2008.6257,-81.044,-164.6854,-6.5541,-0.732,46.5659,-68.9693,-3.509,-17.7127,-13.0528,136.2678,246.6192,71.3137,24.653,17.3827,7.9295,62.0525,-4.38,-26.4273,-39.5779,-116.8827,186.1396,-367.0258,503.2002,49.9652,-285.3074,-81.7185,32.1732,20.5258,26.8344,14.3927,-53.7362,-72.4783,317.8131,34.0869,28.0853,283.8459,296.8238,35.3163,177.9409,-41.4134,219.3543,17.8618,-7.413,-37.3152,-5.0586,22.9149
74,81.0,2008.709,-39.6612,-113.0782,-38.3541,16.6546,63.3606,27.7169,-62.519,1.8742,-16.0185,133.7099,284.8098,91.3296,20.0857,42.0122,3.4682,83.3496,-41.361,-21.1414,-12.1101,27.6602,424.1279,-218.6187,577.1805,65.5661,-164.8494,-53.7692,48.3363,54.2587,0.1648,15.0243,15.8054,-34.8021,370.7253,53.9118,34.8519,322.2276,321.7161,1.0373,187.6495,-67.3034,254.9529,66.6225,8.1911,-31.5166,-18.4156,5.2032
75,82.0,2008.7923,-129.7374,-74.8443,-47.2105,-5.3455,23.929,-71.9236,32.5732,-33.0081,13.7572,103.8347,374.6092,7.9515,63.2933,20.3181,-4.6607,8.8107,-35.4259,-12.7186,-11.3731,-98.0273,222.829,-365.0849,508.9632,78.9507,-215.9547,-149.1302,24.701,82.7594,11.1388,-0.7721,-26.4386,-39.3505,384.2673,-1.525,8.6291,384.0856,354.7688,18.5252,-9.6031,-134.4807,124.8776,48.1858,-114.6374,-20.9476,-9.49,-42.9158
76,83.0,2008.8757,-126.7363,-85.982,-9.6164,-5.8198,12.6069,-43.9135,32.493,-9.1306,-20.9231,93.4042,357.4549,8.7258,49.8845,-14.5469,10.6279,-0.6596,-18.5815,-17.0326,-4.2742,-96.9294,207.9806,-275.987,438.0022,45.9655,-216.9925,-58.9945,46.6595,48.5283,21.9976,-34.0526,-30.5661,-11.4206,356.2582,-8.6896,17.9525,374.8703,326.3389,32.9603,-31.1016,-94.2335,63.1319,24.9726,-67.8308,-20.6302,27.7883,-30.7271
77,84.0,2008.959,-106.2821,-111.4474,-19.954,11.4048,-18.6604,-33.1113,31.7563,-6.2161,-44.9035,105.5804,252.1989,36.0512,44.4024,0.7868,4.7091,23.4434,-28.1685,-36.3738,12.3136,-37.7361,117.5297,-304.7389,372.3704,49.8983,-205.4159,-99.323,34.8202,25.8377,13.2629,-53.4806,-15.7236,-1.355,307.549,-2.4891,6.6336,290.7392,270.442,27.4002,-51.157,-132.7882,81.6311,5.4787,-45.9306,64.1562,2.7485,20.6123
78,85.0,2009.0438,-44.599,-127.2726,-6.1275,-24.609,-32.4532,-59.5737,64.3476,-10.2358,-32.1838,78.7137,265.8452,34.5678,43.9921,-8.8183,9.1063,74.7959,2.9259,-9.9791,-27.4838,-79.0331,190.9586,-275.0602,421.7387,44.2801,-199.3555,-75.7047,15.2542,20.1728,22.0375,-47.7074,-40.9685,4.7739,285.1531,18.9356,71.1202,281.4774,264.6567,24.68,44.5285,-95.7329,140.2613,19.2964,-95.2484,41.6141,34.1815,-17.6966
79,86.0,2009.1247,-86.2352,-45.8701,7.6718,42.7013,8.7467,-66.2963,-25.0218,-16.6457,-57.9533,76.9433,292.8475,-16.657,73.6012,1.4814,-13.0502,30.2857,-28.7769,-35.7264,8.7614,48.4656,150.8074,-236.6914,325.4664,62.0324,-123.3439,-113.3475,2.5706,32.3156,13.7128,6.176,-71.8076,-91.3181,280.7237,-1.0125,26.7651,277.2031,259.1912,50.6722,23.6633,-24.6,48.2633,42.4693,-17.9412,30.1455,15.0093,2.9347
80,87.0,2009.2055,-121.3233,49.0418,-4.0826,34.927,6.6231,-42.511,23.6669,18.3708,-61.7049,92.8753,232.7835,32.1874,22.4889,17.7574,14.5728,15.9497,-14.9049,-23.834,12.5393,10.4644,305.4232,-61.4871,312.0911,54.8192,-59.7422,-1.7449,25.1309,47.4032,21.0849,-18.5078,-17.1181,-18.8442,265.2797,2.2129,13.4282,262.7581,239.1815,38.5637,41.3014,-8.0316,49.333,49.9094,-36.1293,1.5844,9.7045,-35.6538
81,88.0,2009.289,-31.4834,-37.02,55.2686,30.1107,72.6257,-45.1064,-12.9824,8.2572,19.5478,107.1942,185.3096,33.7577,38.939,15.8694,12.3767,-0.0766,16.7341,-3.2668,-16.9497,92.6183,449.1053,36.1876,345.7326,67.185,-85.4531,121.6408,50.0083,49.2318,67.5115,22.6174,-48.1229,-58.0887,202.9191,14.65,1.4215,204.4172,217.0495,18.0111,271.0366,129.7212,141.3154,53.5275,75.3166,-15.5255,2.7931,-28.0625
82,89.0,2009.3726,-63.3493,4.2751,24.1591,43.2826,42.3225,-66.1455,18.0617,8.4158,27.5782,86.931,202.1935,31.9494,1.9582,16.353,34.4688,21.7684,5.6798,-0.2439,0.1228,87.7502,439.7812,16.5806,370.4205,52.7801,-58.9514,75.532,28.9836,72.2579,28.9887,13.3389,-48.4913,-48.0837,210.1205,23.2723,22.5186,210.8707,215.4903,35.5228,254.182,94.6322,159.5498,79.0512,31.9616,22.0041,-0.2921,8.8637
83,90.0,2009.4562,-5.5544,-48.0082,5.6599,7.2331,20.0067,-11.0567,-36.7103,10.072,-16.7696,85.1165,128.8277,61.1415,7.4501,-5.653,16.1356,53.0369,14.6884,-0.4925,-17.9527,10.0574,267.1709,-62.1147,311.3528,17.9328,-71.5153,9.4006,41.3036,20.096,30.8194,-21.2969,-17.3787,-47.767,181.4563,30.5743,30.9754,159.3948,164.9183,34.8386,167.822,15.8639,151.9581,38.6541,-14.3501,10.762,-1.291,-3.384
84,91.0,2009.5397,-4.9776,10.1352,32.5285,52.6984,119.9561,-56.0959,8.3514,-29.0681,17.4316,83.7612,199.7442,22.8741,39.9508,-7.8571,0.7526,9.3336,-16.0459,6.6192,-17.7122,87.8194,472.3801,106.3891,333.1447,32.8462,-12.5546,118.9437,97.799,71.1496,78.203,22.1571,-69.4067,-47.7445,176.5767,34.9664,20.4087,187.6518,188.2861,9.0392,214.3821,68.8892,145.4929,71.5878,49.9498,-6.2058,-6.66,-6.2364
85,92.0,2009.6247,-9.3532,19.9781,30.378,42.953,89.4555,-22.1198,30.2389,8.8853,-15.3529,73.2801,169.0308,62.9454,10.3411,1.1008,-10.9053,6.0979,-24.0448,-16.1233,41.1032,22.0773,487.8888,191.3509,296.0013,0.5366,51.7281,139.6228,121.6816,52.1515,68.0235,-32.2261,4.6593,8.1191,206.8426,36.3848,-5.1532,195.5915,173.9795,22.6214,110.232,9.8221,100.4099,8.2524,29.9087,34.1952,40.9759,-40.4632
86,93.0,2009.7082,27.4002,-5.3687,22.7072,38.9866,94.5731,0.8673,-49.8071,-3.8343,22.1014,64.0046,134.6496,39.0688,2.928,-13.2881,1.7855,-10.0626,4.0746,16.9218,-33.4507,6.2981,354.2569,113.0699,249.7617,-8.5747,-11.4192,124.4891,84.5985,66.9951,52.8968,9.9745,-7.0444,-48.9399,175.3855,14.3788,-26.1086,159.3395,153.9181,47.2002,179.2525,88.8304,90.4221,84.2973,-19.017,12.9751,-22.2332,-45.382
87,94.0,2009.7918,-24.5184,12.7014,8.3101,27.8972,63.5648,-57.2744,31.3617,-40.4437,42.7668,47.2459,123.8827,-5.6046,19.9715,-48.9238,17.6884,-44.2294,-25.9483,-8.5917,4.6163,-4.9906,144.4724,-8.3251,164.0614,-11.2639,-7.2007,-1.1244,82.966,104.2263,41.2641,-19.4012,-29.6911,-25.9127,88.1195,-6.9371,-7.1337,125.2152,145.1521,49.18,-19.3314,-58.1776,38.8462,52.3884,-31.2863,46.8663,-1.0752,-46.5589
88,95.0,2009.8753,8.1005,9.6758,-3.3563,15.3648,95.0088,-51.2263,18.0741,-16.7587,-18.0742,57.8039,149.8331,-5.428,46.4605,-40.3955,15.1757,-49.2526,34.9622,-11.1037,10.0378,-27.6397,264.9019,108.7789,134.8823,21.2407,27.8141,80.9648,125.9131,64.9161,58.8839,-30.9043,-44.596,-33.1522,108.4513,-18.0259,4.7271,162.4309,144.9262,24.3311,-39.3448,-11.7961,-27.5487,70.355,-73.4495,38.2245,27.486,2.1712
89,96.0,2009.9589,3.6098,0.729,18.907,19.484,86.4457,-107.5185,63.924,-8.4665,6.965,44.4463,130.3766,7.2352,11.4093,-6.4436,-1.1696,7.7236,-31.493,-15.4151,7.3465,-14.3287,238.0958,37.553,196.7468,3.796,11.6853,25.8676,120.4353,79.3586,47.7366,-33.9896,-57.0202,-43.5944,121.2365,23.8561,0.2427,113.7557,113.0661,34.1699,32.0179,-50.9732,82.9911,34.9425,-61.9034,6.1216,39.4454,13.4723
90,97.0,2010.0438,-2.4152,7.3961,2.4429,49.9306,36.5947,-34.0407,-60.1234,-55.1233,-60.0447,29.9281,127.0032,-16.8102,-1.5936,-19.9223,-3.8466,-10.4398,-38.2656,-7.1883,-12.6492,-12.8344,-69.1674,-113.4416,69.6366,-25.3625,-7.6683,-105.7733,51.7176,81.1738,26.3585,-15.123,-54.2599,-94.1642,107.7959,12.3238,-20.3664,97.8692,79.4661,48.3633,-91.5594,-63.3268,-28.2326,72.462,-64.3387,7.5225,3.8949,-2.222
91,98.0,2010.1247,47.5663,-46.3723,16.2056,45.1333,114.9238,-44.7379,-40.0308,-30.8994,-16.0298,28.5935,79.1985,-25.6694,1.6535,-15.4553,-4.7963,-33.03,-9.6066,-15.9738,20.0684,75.6445,70.7412,56.2765,33.0627,-18.598,21.2624,35.0141,86.0237,49.5663,76.5943,28.9001,-70.0405,-84.7687,50.2491,0.3366,-30.0866,53.1925,59.2546,43.3157,13.6293,33.7591,-20.1298,68.4447,64.0454,10.1194,-0.0553,-33.6347
92,99.0,2010.2055,14.7181,31.3128,14.3547,14.3147,77.3242,-21.1611,8.143,2.1572,18.4119,49.055,-26.6891,55.9945,-51.2627,-20.4113,23.4915,-1.5585,23.4855,10.3053,0.4223,50.2034,222.4081,175.3766,95.2139,-48.1824,46.4532,128.9235,89.3571,26.4584,51.1921,-12.0328,-18.5586,-13.0181,29.6705,23.818,-25.7416,5.4874,20.2537,11.309,142.311,52.5845,89.7264,13.7498,17.4537,27.0177,-13.9457,-19.7912
93,100.0,2010.289,-2.9596,16.9441,0.8269,41.2575,37.1064,-37.2546,36.0281,23.3836,22.2184,58.5818,2.5242,13.545,-53.4433,-4.4787,34.0486,4.515,10.0681,17.9964,-29.1364,65.5921,191.7714,114.2604,101.3845,-23.8734,-15.1519,129.4123,30.617,63.8343,18.6956,6.4893,-4.4244,-1.2266,18.2034,3.7055,-1.3247,12.3637,18.9203,45.9237,189.0426,100.0218,89.0208,66.6256,43.0136,45.3978,-14.8499,34.2908
94,101.0,2010.3726,25.2149,2.3452,13.7562,16.676,82.3302,-63.4657,18.364,-4.5297,35.8244,41.1475,42.9159,-40.1898,30.657,-25.5693,-0.8715,-4.2506,11.9098,29.4487,-25.7417,118.7124,185.9715,106.308,75.4474,4.2161,1.8184,104.4896,67.6096,42.2329,77.9419,14.7207,-64.7609,-45.1017,-14.2443,0.5769,12.1429,2.1492,28.2857,13.8467,155.2799,81.9817,73.2982,46.8711,23.9083,71.9203,4.0961,25.53
95,102.0,2010.4562,57.1819,-111.8176,13.4363,10.4029,29.7093,-67.6418,33.4376,-1.0878,-2.9676,7.4141,3.789,32.5806,-36.0392,-34.1536,8.6126,36.2936,26.64,-12.6359,-1.7684,-59.8341,-8.614,-24.1434,77.1096,-61.5802,-56.4041,32.2607,18.8206,17.0283,-16.6251,10.8887,-53.2939,-34.2042,33.8966,29.6931,9.0734,6.6765,-4.2499,56.3293,118.0774,47.6443,70.4331,39.7946,51.5573,-54.8205,1.7355,-6.7009
96,103.0,2010.5397,-38.529,13.6961,11.9586,40.2274,33.4233,-62.3781,-40.8679,-34.425,-13.6332,-26.8908,45.1705,-30.5931,-15.4079,-63.4161,6.278,-26.3827,-6.4791,7.4181,10.8925,58.4387,-189.9385,-65.0632,-52.3293,-72.546,-13.9405,-51.1228,17.6745,53.6711,33.9644,15.7488,-56.6914,-103.246,23.6861,-9.7761,-25.7153,24.3535,3.789,59.1744,-42.2341,34.4487,-76.6828,59.57,21.8769,-15.1751,-41.5952,-55.9545
97,104.0,2010.6247,-25.2327,8.4029,5.1137,-3.4395,62.3892,-105.157,13.2131,-18.9805,-22.6604,-15.7579,76.1148,-35.9696,-2.2461,-28.5903,8.9233,-39.2807,32.6824,6.152,4.9701,6.8449,-79.3531,-19.8863,-37.5537,-21.9131,-11.8596,-8.0266,75.1224,35.1087,40.4153,-12.7332,-82.2024,-91.9439,35.6507,-11.3162,-23.4699,51.4614,24.253,26.2408,-80.2202,8.7949,-89.0152,-1.9125,-6.8268,29.9686,8.5977,-33.919
98,105.0,2010.7082,-36.862,-3.4988,28.9304,48.7691,46.1774,-81.7155,13.9363,-38.7193,-42.4439,-26.1867,124.2566,-67.8841,2.5713,-62.7163,16.2028,-22.0714,31.1049,0.3133,2.3281,21.1757,-67.5077,10.7639,-34.3295,-43.9422,-38.0327,48.7967,45.9603,54.3192,39.5141,0.2171,-68.7421,-67.7792,48.9243,-22.2179,7.5946,78.5904,37.7517,34.5556,-42.3042,70.6156,-112.9198,32.3967,9.0973,7.7562,12.2777,-4.4394
99,106.0,2010.7918,-16.851,-76.3531,35.1704,50.6718,4.5332,-79.5387,-15.1031,-44.2249,-49.8671,-37.3039,17.0269,2.6669,-26.6492,-17.7311,10.6257,47.7801,53.4455,-4.2465,2.7901,-79.2622,-143.158,-89.7064,-19.697,-33.7546,-90.4141,0.7077,16.8222,27.958,18.9532,-12.289,-79.8427,-94.6418,43.7578,0.3959,23.3202,19.2979,-17.3957,48.212,39.5324,78.5273,-38.9949,7.9417,2.3437,-39.3488,6.3668,10.3826
100,107.0,2010.8753,-52.0699,56.9394,5.3617,-12.4482,-12.1195,-89.9006,33.2635,-37.7818,-67.9169,-44.8924,82.0439,-45.1591,54.7585,-10.8059,-15.3864,42.3114,19.868,-10.7756,35.3938,-71.9919,-69.3161,-64.2692,-33.6132,28.5662,40.2632,-104.5324,46.6442,-9.1353,9.2676,-58.7637,-56.1191,-56.6371,25.2002,-11.2054,65.2013,48.0902,2.8815,22.7831,-176.2429,-94.5396,-81.7033,-60.6776,-90.0151,10.4685,37.6488,-5.4545
101,108.0,2010.9534,17.649,-26.7634,12.3114,80.432,8.6943,-98.9519,-37.1011,-59.346,-52.8614,-43.6423,-11.0257,4.5532,-2.9906,36.871,4.0745,53.8582,47.1327,6.0044,16.8124,-30.7741,-44.2892,-33.1262,-49.118,37.955,7.698,-40.8243,12.6946,9.9237,0.0157,-4.0003,-103.3698,-136.053,-3.8619,27.578,23.6696,-34.0506,-45.1254,40.084,67.4667,82.5342,-15.0675,11.2159,-5.7789,-34.3784,43.0022,-9.9333
102,110.0,2011.1342,-43.7143,66.7554,34.3066,44.2449,2.827,-29.0951,26.6019,-29.9324,-75.1815,-52.4739,-41.487,-38.3366,-11.2588,-28.9483,3.2159,64.6281,76.9315,-6.1611,32.5952,60.3453,-4.4827,175.3595,-142.851,-36.9912,55.6363,119.7232,16.6357,46.4799,12.126,-13.8088,-17.5107,-2.4933,-71.9123,-12.0909,68.8076,-67.7328,-87.8887,46.4679,30.4625,105.5807,-75.1182,47.9487,54.6788,28.3651,26.2109,0.4677
103,111.0,2011.2055,-31.6402,66.805,38.1848,33.6179,34.365,-53.464,12.2433,0.7284,-55.1877,-50.1429,-81.0697,-10.671,10.0951,-29.2782,7.8212,63.4906,73.286,20.7521,-5.5783,50.7908,44.3572,189.2999,-133.5808,-11.3619,29.5864,159.7134,34.1027,6.7474,-18.6044,0.2623,-16.3468,-41.2207,-85.3013,-21.2322,78.2833,-70.5086,-98.9908,16.3516,103.7593,166.8315,-63.0722,-15.3785,39.3608,21.1721,3.393,33.8009
104,112.0,2011.289,61.1287,14.737,4.0664,55.3531,40.5199,-21.1269,-48.5539,1.4594,-46.0939,-40.1068,-172.4883,46.8153,-11.445,-38.2264,-3.6655,91.4617,80.4524,27.8725,-34.1583,-12.0627,8.0014,181.7501,-120.4119,-53.3368,41.7074,140.0428,27.7465,-9.0965,23.7539,12.7734,-37.4235,-69.6808,-121.1312,13.2765,73.6434,-138.9495,-139.5588,49.6921,200.5148,181.9771,18.5377,20.3014,42.4707,3.1438,-17.7806,16.8668
105,113.0,2011.3726,8.1849,50.3679,22.295,81.9517,35.1017,40.7253,-104.2999,-21.8408,-33.6886,-40.7065,-228.0305,46.2487,-6.317,-33.3265,-15.9113,35.319,77.1184,22.7983,3.8973,89.2012,-60.1131,216.2997,-220.8579,-55.5549,62.45,153.8497,-21.1632,-4.4478,39.3785,56.2649,-14.7412,-63.5745,-172.1837,7.8914,17.8295,-189.6733,-163.7703,46.6085,207.4028,238.5875,-31.1846,63.599,112.0075,-35.0821,-40.7897,-4.9949
106,115.0,2011.5452,54.996,91.3227,27.187,112.1283,-41.7505,-46.3783,57.6712,1.6013,37.5931,-36.1723,-199.1945,29.3446,-45.4921,-6.5124,2.4611,-25.0494,67.5463,25.8562,-20.3393,38.0559,86.8191,329.8409,-193.4785,-49.5433,125.9794,203.8615,-60.0586,25.9102,-10.2183,18.3081,-22.4333,11.2929,-181.3277,15.6597,-29.2313,-185.5096,-155.407,63.2541,244.6583,252.6272,-7.9688,20.1125,57.6868,25.2178,-7.0472,-20.8999
107,116.0,2011.6247,77.3934,65.8247,34.5799,49.1791,38.0982,-65.5396,16.9979,-17.9008,-9.7077,-67.1177,-133.2057,17.4355,-17.7838,-41.7664,-8.2438,16.7875,46.2588,10.6697,6.689,70.2786,18.6483,262.2504,-175.808,-67.7941,149.9072,112.3432,12.1824,-31.8037,8.7773,25.9158,-60.5668,-48.5418,-120.5795,19.7082,1.8887,-135.4784,-160.8315,17.0045,108.373,148.7026,-40.3297,-18.8986,9.5525,48.4687,-11.3296,14.8754
108,117.0,2011.7082,58.3182,104.6464,38.7185,95.2825,27.042,-51.5401,28.1707,-12.3758,-10.7169,-46.091,-208.9331,69.351,-47.7221,-18.6999,-14.835,118.0486,34.9925,23.1998,1.2583,86.7088,188.1144,347.7129,-78.3414,-81.2571,164.2229,183.49,-5.383,2.1432,4.8355,32.425,-36.3548,-23.3694,-146.9518,54.0555,71.3628,-193.6376,-182.4997,43.2969,327.5386,212.2425,115.2961,10.5935,37.7402,37.2099,14.0675,36.5365
109,118.0,2011.7918,78.4362,53.556,39.5441,94.3044,5.6607,-3.0644,-62.6496,2.141,-8.9225,-55.9683,-158.9345,-11.6136,-10.2553,-33.3731,-25.853,36.4199,17.348,30.4227,2.0245,121.5433,-10.7768,257.7236,-199.0189,-69.4815,134.0167,123.7069,-13.7118,-35.0642,21.5403,19.3724,-33.8407,-65.714,-163.1283,1.2181,27.7821,-171.7661,-172.8014,24.8872,175.8799,203.1326,-27.2528,-13.4151,73.6087,13.7089,-12.6343,8.0083
110,119.0,2011.8356,29.7887,106.0211,27.6996,84.0501,-77.4863,-5.7077,34.1268,4.5343,-13.4625,-62.8477,-168.3018,-15.7833,-7.2179,-34.5619,-18.3901,28.818,11.6991,23.3509,39.0645,80.1068,-14.6061,277.1411,-231.5773,-60.1699,174.8743,102.2668,-55.8535,-17.6829,-37.3507,-21.6328,12.1911,28.4191,-180.8792,-20.0099,45.622,-164.0752,-174.5576,35.219,62.1991,129.7013,-67.5021,-27.5244,35.0981,55.1421,20.676,-5.5014
111,120.0,2012.0014,57.5283,98.6015,23.1692,31.9785,-42.0078,-34.8011,48.2317,-5.3203,-46.3505,-92.447,-170.8675,-24.5041,-50.44,-70.2874,2.4755,40.8921,54.7773,-7.1571,41.9255,72.3197,-144.6032,266.9257,-293.277,-118.2519,198.0553,68.8704,-43.2732,-37.9949,-44.7804,1.2655,-18.8329,13.4306,-196.2175,1.5128,40.2252,-196.8844,-226.9513,20.0437,2.3205,98.7131,-96.3926,-33.5967,56.2836,21.6253,0.4119,-0.4257
112,121.0,2012.0437,82.0241,95.7154,42.4339,36.4636,4.3772,-0.4155,-38.0331,13.7304,-48.9183,-74.7737,-234.2536,-10.7384,-44.2181,-81.3868,-13.5393,74.3877,81.4401,5.9289,20.7461,185.458,-89.0296,344.411,-294.2963,-139.1443,198.4856,145.9254,-38.0345,-57.1868,-5.6493,42.4116,-19.4048,-38.4486,-231.8996,-0.2641,61.5593,-244.7279,-256.1257,47.4573,172.8401,222.4085,-49.5684,5.1859,117.6542,111.3308,-22.8994,15.0257
113,122.0,2012.1257,105.2348,13.6916,48.0933,55.8689,-56.8672,69.2114,-115.9619,22.1336,-51.7736,-71.1542,-254.5764,10.4268,-59.907,-77.247,-6.9655,47.3217,53.0363,26.2487,0.3807,107.5341,-242.8052,221.0701,-319.7558,-144.1195,119.3071,101.763,-64.8009,-76.0073,-18.1963,7.9337,12.6532,-46.7506,-215.2574,4.4919,13.9375,-248.6415,-271.4112,20.6591,142.2002,213.3145,-71.1143,-11.3273,121.1762,27.8281,-26.2747,35.5346
114,123.0,2012.2077,71.4922,98.8731,31.4079,62.0801,4.8757,-27.8982,-32.0736,25.8266,-2.1291,-73.7206,-239.1559,-0.4191,-44.8326,-33.1402,-20.9711,22.0679,51.6627,31.7392,3.3555,150.8317,-70.9594,321.3412,-293.3567,-98.9439,173.7208,147.6204,-33.0809,-57.7114,4.761,37.9566,-50.6325,-59.9718,-230.0594,-3.0864,15.6388,-236.4885,-256.8085,29.1694,183.805,240.6731,-56.8681,-14.5159,133.1524,10.2501,-3.9491,17.3412
115,124.0,2012.2596,36.9583,108.4927,34.5743,94.2666,10.4142,-62.2173,-18.9286,22.4672,29.5292,-60.6666,-234.4786,-8.2218,-33.2849,-31.0485,-14.9948,3.7225,47.9526,24.7283,41.6925,123.3076,-9.0426,340.4009,-270.1152,-79.3282,187.1435,153.2574,-35.9128,-3.5016,2.4745,46.327,-45.3442,-81.1459,-250.6473,10.0856,1.5838,-252.786,-252.9779,51.5982,252.9868,270.3161,-17.3293,8.4393,111.056,27.4544,-3.2317,5.8383
116,126.0,2012.4577,95.7584,56.8766,38.3315,22.4915,-72.3354,-76.4831,76.3379,7.3572,-11.2517,-105.3164,-185.5033,-44.8623,-62.709,-90.0707,10.5097,-9.9146,18.8938,36.1666,7.2,8.3431,-288.5235,210.595,-356.8485,-142.27,159.835,50.76,-37.8966,-37.6525,-51.0334,-34.4388,-39.3369,-0.1452,-225.2743,-28.4977,13.4917,-201.868,-252.9489,54.4517,-66.1787,88.8018,-154.9805,-62.8088,6.8711,86.7397,0.6539,-9.7154
117,127.0,2012.541,63.0808,36.4585,27.1636,33.5706,3.9873,-34.0367,-28.0193,-14.4048,-38.2647,-92.6368,-249.8457,-12.6653,-63.2415,-73.3896,-15.6409,21.6134,22.4401,13.425,25.0348,55.2042,-375.3712,148.6999,-371.7991,-152.272,124.574,24.1259,-30.6206,-50.6632,-18.5003,34.6079,-47.3382,-62.056,-252.8073,0.3655,11.5442,-262.8765,-292.8498,31.3693,7.8798,116.8025,-108.9227,-15.178,52.2377,39.4427,-35.4133,2.8071
118,128.0,2012.6257,89.9144,66.7199,32.8693,62.6026,15.6044,-33.9622,-26.2883,13.652,1.344,-96.3565,-227.7586,-35.7851,-28.4005,-75.2162,-32.9705,66.0596,11.1192,46.4281,14.5389,91.1284,-135.8853,293.1984,-292.4966,-136.5871,171.1732,122.0252,-4.1156,-35.6791,-5.6081,19.72,-25.5902,-60.2505,-253.8216,-11.0183,67.3559,-252.5254,-276.258,44.1656,146.4201,186.3913,-39.9712,-6.3214,73.0149,21.5125,0.8938,27.2546
119,129.0,2012.7008,86.0433,118.6448,13.9264,44.1699,9.9557,55.682,-11.3854,42.9925,-4.8705,-87.9012,-275.843,2.3323,-25.8707,-56.7639,-28.1379,32.141,44.4614,44.9934,33.1131,149.5046,37.6832,482.5972,-334.1414,-110.7725,237.8012,244.7959,-6.809,-58.0602,-6.3031,16.7647,32.1778,44.2966,-260.2969,3.0149,15.9123,-276.5256,-302.1536,0.3088,149.6924,207.3083,-57.6159,-15.6993,87.7557,26.0847,3.0525,-12.0207
120,131.0,2012.8825,139.3081,88.7098,18.7301,56.9713,4.6463,-55.1784,13.1643,14.5157,0.1104,-95.3818,-349.3219,23.3385,-61.9079,-57.3415,-0.645,9.9399,42.9525,33.6242,33.6583,98.1907,-140.1071,391.1021,-411.3149,-119.8944,261.6762,129.426,-6.4815,-52.4738,-30.6511,11.1278,-35.0591,-42.0141,-328.1667,16.5255,-4.4023,-342.5089,-354.9809,35.2177,109.1156,177.9216,-68.806,-67.8789,58.7392,66.6082,-2.3875,-15.2581
121,132.0,2012.959,126.279,86.1015,9.9841,17.069,12.1333,-8.6688,-13.8933,19.164,17.062,-106.3776,-316.0886,-33.4717,-39.1504,-76.4861,-27.2347,27.2394,45.4738,40.6468,7.8123,121.5028,-212.4059,342.1018,-411.6364,-142.8712,220.1929,121.9089,-20.5389,-66.844,-9.4608,32.6722,-12.7382,-22.5621,-344.2989,-5.3352,27.3132,-344.2251,-364.6835,26.365,97.5986,165.0099,-67.4113,-35.495,93.9565,73.1227,-4.1681,48.6509
122,133.0,2013.0438,81.899,148.2823,10.6171,67.9714,-10.1385,-16.0317,-24.3154,10.7818,12.0309,-102.1976,-333.2932,-8.6564,-63.2135,-74.642,-35.1422,37.858,-8.3894,41.1975,37.0888,164.0105,-228.293,338.9629,-394.2582,-172.9977,267.2702,71.6927,-50.5204,-17.9348,-63.5283,40.3819,-10.1291,-40.3471,-325.2658,-0.4312,21.6054,-341.5184,-374.3526,36.5539,109.8204,162.5603,-52.7399,10.8262,87.4882,40.1232,-25.971,23.9721
123,134.0,2013.1219,101.6601,62.1526,25.9535,13.3888,-33.3827,15.7691,-49.3818,20.3408,5.7489,-106.4099,-378.4286,-11.0571,-86.126,-70.1985,-33.4463,2.4902,41.2569,33.8462,35.7523,113.379,-410.0715,267.3557,-487.6564,-189.7708,199.5649,67.7908,-48.1529,-75.2378,-35.0348,14.7702,-18.634,-33.6127,-368.272,-8.6712,-10.0524,-380.8146,-400.1722,9.2203,42.7145,149.5563,-106.8418,-24.301,121.6083,16.6879,-6.1766,-20.2488
124,136.0,2013.3027,95.6691,148.7429,44.6982,55.8088,-16.67,-56.7475,70.272,61.6896,43.1114,-121.2883,-297.5281,-23.0633,-61.6426,-87.6422,9.5583,-30.4754,60.4692,39.3068,33.6134,189.117,-32.1177,536.8524,-429.2436,-139.7266,278.0254,258.827,-24.109,-59.8543,-32.6355,7.439,-41.9075,13.5245,-323.5969,-19.3827,-8.0872,-301.2087,-359.7494,9.6672,141.3766,269.4116,-128.0349,-81.5474,161.0726,58.81,10.4847,-7.1796
125,137.0,2013.3726,115.6961,112.7463,28.8763,79.8197,-6.2315,-59.9769,40.3956,23.675,80.0348,-106.027,-353.9565,-25.2784,-74.0512,-43.1003,8.0765,-33.9662,41.7309,51.4462,17.1355,202.8401,-102.955,445.3132,-439.1933,-109.075,245.578,199.7352,-51.7018,-16.7817,-65.59,45.4703,-40.3917,-19.5813,-381.35,4.7279,-36.5789,-383.9627,-391.3864,17.6384,215.7878,271.0183,-55.2306,-4.2792,125.7358,56.1486,-13.5082,28.1266
126,138.0,2013.4562,80.5087,131.9381,2.377,29.4494,16.46,-48.3738,-3.7583,-12.8475,0.3897,-120.1681,-404.1442,3.2718,-72.6001,-35.5481,-7.9898,18.0641,31.2249,41.7151,61.9304,102.8485,-288.1003,330.6243,-502.5866,-116.138,274.3773,56.247,-19.6871,-78.3267,-9.1674,36.1472,-62.82,-52.132,-392.234,19.267,-9.8413,-420.1394,-431.1909,-7.2858,45.6189,128.0662,-82.4473,-42.8232,75.5746,-30.0617,0.9159,43.6055
127,139.0,2013.5397,82.6117,122.4036,25.0517,69.3342,-23.4146,-50.5254,27.0369,59.4201,55.5427,-112.5052,-475.7092,34.0299,-84.5916,-55.7067,-6.3719,27.5394,52.1312,71.9164,33.4896,128.6139,-148.3172,469.4553,-471.1024,-146.6701,238.5048,230.9505,-49.1966,-48.8799,-39.985,25.7819,-38.0574,-23.4885,-449.0153,22.5736,12.3019,-464.2529,-448.3269,26.4081,296.786,303.6355,-6.8495,-34.0939,122.6132,26.6622,3.2899,3.8819
128,142.0,2013.7918,29.4056,171.5071,10.654,72.6843,29.6179,-26.069,-42.7031,30.1984,41.5521,-148.6004,-419.6965,-54.3267,-66.9458,-47.6191,-16.3977,-43.3829,16.8382,38.2016,52.6026,173.3869,-372.4792,382.9377,-624.4544,-130.9625,253.5153,129.4225,-24.5253,-48.5579,-1.596,54.1432,-49.4645,-68.772,-462.0332,-13.5037,-41.8692,-460.5195,-467.5441,3.3428,58.785,222.7198,-163.9348,-18.2691,81.7674,33.3513,-36.0281,25.3596
129,143.0,2013.8753,124.6945,100.8849,12.6674,29.2127,-10.4702,-3.5308,-44.3871,14.7293,-32.0648,-172.354,-420.3763,-57.2268,-69.7287,-92.2112,-23.5465,42.7025,67.6809,35.1868,70.6061,97.8508,-427.5312,397.2746,-639.3194,-185.4864,296.1856,101.0891,-37.0999,-99.9387,-33.3828,26.6297,-38.9731,-47.9179,-448.5801,-20.9331,34.6126,-456.67,-501.9375,6.0427,3.4574,186.1068,-182.6494,-50.7991,138.1499,-56.574,-5.5769,49.2233
130,144.0,2013.9589,117.2205,126.9039,16.58,16.0834,8.4887,-73.1033,14.0663,27.223,13.743,-157.813,-456.8793,-27.6707,-71.6781,-102.0537,-24.6817,26.5727,44.0731,64.8267,50.1114,157.988,-387.987,412.4738,-602.0473,-198.4135,294.2358,118.238,-14.8011,-108.0921,-62.3261,23.2898,-91.542,-59.037,-488.0504,-13.8181,43.8912,-470.7319,-500.6446,-9.4966,60.7607,192.0761,-131.3154,-80.9315,120.758,6.9032,19.6528,36.5945
131,145.0,2014.0247,154.488,31.6337,20.2643,50.445,-122.7554,-3.1152,-36.7512,-14.2331,-15.6816,-146.0284,-556.6142,24.7907,-152.2505,-65.7291,-38.1834,19.1346,46.2192,53.1722,43.4222,-130.2893,-707.7723,222.7897,-674.3989,-256.1631,229.544,-6.7543,-102.633,-67.398,-98.169,-20.1224,5.196,-39.8665,-494.1403,0.9544,-19.503,-532.7779,-542.7003,49.3745,-5.8759,135.7451,-141.621,-66.878,71.2584,-119.4902,17.909,-8.9024
132,147.0,2014.2055,92.8818,159.4067,28.2523,86.3885,-15.681,-33.004,-2.6719,38.794,89.0688,-160.1767,-596.7877,-34.0965,-140.0023,-74.3428,18.1325,-68.5543,45.3747,42.6725,46.006,240.5731,-478.3393,488.4196,-770.5463,-196.2127,298.2945,190.1251,-66.7967,-29.9944,-71.3903,51.1157,-7.258,-35.6759,-613.8255,-17.5493,-68.0637,-613.3349,-588.4375,27.4091,135.3863,292.5977,-157.2114,-27.672,156.7399,79.2326,-31.337,11.054
133,148.0,2014.289,89.9303,155.2188,47.5088,49.5128,0.2631,-58.8629,40.421,24.9797,36.4983,-183.8546,-507.7272,-36.3829,-142.4453,-87.8938,10.7112,25.7733,80.1735,37.649,65.6315,248.6865,-352.8953,532.4257,-665.6931,-219.6279,310.7807,221.645,-41.9231,-34.8229,-45.5423,42.1862,-47.0665,-18.4419,-528.7116,-5.9971,16.3718,-538.113,-568.6048,7.6784,154.43,282.0101,-127.5801,-34.4771,178.8174,50.7192,-6.501,56.3733
134,149.0,2014.3726,116.1639,127.9691,56.7099,36.363,-41.1272,18.0359,6.2116,45.5018,55.6328,-178.1631,-504.6905,-20.9888,-97.6537,-86.6739,-13.417,47.2276,62.7913,67.4719,22.0532,214.4897,-280.5823,518.1443,-600.982,-197.7446,266.1862,251.9581,-61.7488,-79.1749,-31.3871,20.6216,7.6346,24.2475,-517.613,3.0162,36.1452,-528.6954,-554.8356,-16.1374,217.1729,289.4595,-72.2866,-49.0066,151.6526,36.3311,20.4363,65.6383
135,150.0,2014.4479,88.6372,148.3885,33.2312,40.4115,-4.9563,-144.9999,71.0568,11.7455,6.084,-199.4685,-442.2417,-74.256,-68.9781,-91.1498,-29.155,21.2882,69.1272,39.2586,57.0789,164.4632,-468.8978,408.9792,-688.5941,-189.2829,294.1047,114.8745,-30.0713,-68.7889,-52.3045,25.1149,-106.6056,-73.9431,-499.482,-18.3818,22.6542,-498.116,-547.4363,17.747,28.4108,218.8889,-190.4781,-85.5652,155.5404,71.5437,41.2767,31.1003
136,152.0,2014.6247,113.4187,139.3577,21.4842,19.8922,-40.5218,-62.4036,53.0503,24.7452,59.6972,-169.5507,-607.9886,11.7693,-127.7218,-81.0153,0.4139,-3.8994,25.7174,62.3595,12.3777,113.486,-548.8179,369.4775,-709.9722,-208.3232,265.1541,104.3234,-78.1785,-69.2262,-86.6528,37.6567,-23.5252,-9.3533,-576.4083,-1.6952,-22.0151,-594.5241,-614.0109,-24.8824,76.4071,191.8552,-115.4482,-68.8876,81.9267,28.467,-11.1177,13.8191
137,153.0,2014.7082,112.7423,161.725,21.1306,23.5059,-110.716,39.4652,-13.5768,43.4714,32.6467,-179.7373,-523.5725,-8.128,-88.7611,-101.9631,-2.691,47.7248,40.5474,49.2733,32.3331,156.3652,-424.5801,399.9014,-631.0663,-193.4152,306.8004,93.101,-105.7627,-94.2493,-81.9871,-4.9533,35.2,25.8884,-527.6175,-0.582,44.2238,-531.1185,-577.1714,0.5641,73.0275,172.9753,-99.9478,-94.1335,116.0045,50.4546,36.8306,61.1432
138,154.0,2014.7918,127.4471,92.5436,2.6816,30.4643,-93.3351,-44.5635,9.2141,37.663,57.3831,-177.6706,-512.7632,-55.4222,-56.2673,-98.6309,-24.5428,61.2287,27.5409,61.1358,23.8035,126.4421,-532.0897,274.5955,-627.2441,-179.4411,243.7943,30.8012,-120.0078,-115.1094,-97.0781,26.6727,-40.7909,-35.3494,-549.0344,-22.0063,64.0841,-546.179,-584.8701,13.0223,105.0932,186.1583,-81.0651,-78.6652,74.4964,75.6437,1.279,51.5682
139,155.0,2014.8781,108.714,79.7295,11.7113,16.3369,-122.4188,-38.8361,27.313,30.0613,46.0425,-176.1468,-559.4622,-7.0838,-93.8285,-90.9179,-15.1955,59.282,32.0552,46.8637,53.6864,41.6097,-592.0937,245.2165,-637.3683,-199.9419,242.13,3.0865,-139.5272,-91.3426,-94.8099,17.1084,-34.5292,-11.5231,-539.9187,-7.1813,39.836,-559.3647,-601.469,-5.6922,76.1332,154.1368,-78.0036,-67.2745,68.2088,-43.1745,22.9339,30.9323
140,157.0,2015.0603,102.8585,98.8053,68.6189,-17.7014,-84.4808,-46.4209,-41.7999,15.218,20.2214,-206.1624,-582.1444,-70.5983,-93.4803,-139.5035,-24.2503,5.5384,66.4888,27.1877,89.7789,163.5237,-811.8266,278.5529,-833.1453,-257.2341,291.4427,-12.8898,-95.8755,-204.176,-12.0778,11.3947,-106.0809,-88.2209,-626.1633,-42.7718,21.7308,-609.9709,-652.9587,-50.0693,-51.9678,171.2066,-223.1744,-159.2335,179.7348,-7.5023,7.6214,11.7942
141,158.0,2015.1247,153.515,74.972,49.0758,-110.7851,-120.4195,-25.287,20.9693,22.0638,5.0863,-213.4518,-616.6766,-47.2479,-101.6196,-166.4252,-25.2384,6.2977,92.5483,17.9097,63.1452,104.6802,-921.5679,237.7075,-865.9922,-293.2832,291.6322,-53.9247,-96.9828,-190.0961,-89.9568,-23.4367,-36.0368,-4.3177,-636.8694,-32.8605,12.1031,-631.064,-670.3385,-76.7832,-187.5524,47.3758,-234.9282,-168.5888,84.828,73.744,21.8452,17.1024
142,159.0,2015.2055,96.9791,113.3306,38.6043,50.7388,-125.8152,-83.1789,26.2826,6.8169,11.5228,-209.2053,-600.2001,-51.2617,-138.7249,-113.35,-11.3334,24.4215,44.9046,21.8852,57.2728,130.185,-840.3102,247.821,-824.7228,-263.4084,267.5825,-19.7615,-143.9062,-72.2043,-113.6686,18.091,-61.551,-56.8963,-631.5132,-11.3734,15.8463,-640.0884,-674.6036,23.7032,-3.5934,181.041,-184.6344,-76.0347,150.7679,18.6044,24.071,49.4631
143,160.0,2015.289,135.8793,115.2278,37.1181,-26.6595,-101.571,-38.6917,5.4865,25.6972,5.6422,-216.8221,-625.1288,-52.7725,-64.7991,-130.2999,-31.7624,54.6708,65.0735,47.6543,48.6943,141.7308,-747.3629,313.9088,-834.4103,-226.8614,299.8015,14.1074,-109.9943,-130.0233,-65.9601,8.4233,-44.6302,-33.2052,-632.4425,-40.1585,49.3705,-637.7428,-684.1496,-27.5213,-39.3607,157.3068,-196.6675,-100.1478,108.426,29.2492,-3.9934,34.1089
144,161.0,2015.3192,128.486,136.5648,54.3345,15.4232,-78.5581,-60.394,11.653,38.6667,18.907,-221.6838,-637.8521,-18.5748,-97.8123,-91.225,-24.9531,65.696,85.9718,59.2241,51.6846,148.3174,-564.4414,443.0567,-793.5077,-213.9904,316.7354,126.3212,-90.6835,-99.1343,-77.854,12.1254,-51.1852,-48.741,-621.91,-20.3654,51.5445,-636.0615,-681.0425,-6.9561,108.2995,265.7457,-157.4462,-79.0034,149.3243,37.4079,-13.057,21.7606
145,163.0,2015.537,144.2399,144.4042,-2.6175,6.2789,-64.6383,-76.1288,43.279,38.7212,136.6407,-201.6702,-753.9407,-7.6013,-96.6541,-155.2557,0.0425,-5.4252,-6.9525,86.5798,-4.2953,158.7906,-774.9932,308.8707,-831.9966,-251.8673,284.3488,24.5219,-107.496,-114.5739,-59.0321,42.8577,-62.8538,-32.8498,-770.6718,-4.5945,8.2992,-756.9475,-736.2305,-4.9467,89.8186,164.8677,-75.0491,-73.8774,-21.5125,122.1789,-54.8911,2.9604
146,164.0,2015.6247,116.2413,60.2449,0.9435,-31.9339,-100.3525,-44.8365,-5.9276,5.7621,11.5179,-231.3471,-690.0198,-40.4292,-111.593,-139.5841,-17.6331,44.6218,30.6953,34.8889,4.678,-55.0833,-1104.0629,70.4037,-905.6564,-268.8101,181.1642,-110.7605,-95.9091,-148.4244,-98.0471,-4.4433,-42.7279,-50.764,-700.894,-17.693,32.7598,-712.756,-745.2365,0.2427,-156.9878,35.9127,-192.9004,-135.2352,4.6893,27.4376,-5.5534,40.0483
147,165.0,2015.7041,63.0942,93.3907,12.4043,8.4432,-61.6683,-78.6913,11.7117,-4.0403,49.5311,-220.6575,-702.3483,-64.3297,-98.1894,-150.9368,-35.8202,1.7787,29.8603,25.0363,40.3429,7.5479,-1081.0885,139.8836,-936.0258,-284.9463,196.8278,-56.9442,-75.5626,-91.2848,-99.0589,13.8943,-43.9898,-66.9796,-753.3981,-22.1772,10.676,-744.5008,-747.7138,9.7473,-105.9269,85.598,-191.525,-106.9316,54.0733,-12.1016,2.0397,3.6614
148,168.0,2015.9781,114.9401,118.5876,35.5109,-59.5645,-98.7847,-18.0894,-19.0006,12.5973,45.5657,-231.8484,-801.3809,5.4619,-133.7437,-147.9911,-8.7794,22.7991,31.4713,37.4557,41.4051,55.4993,-1053.3881,196.5287,-959.4026,-290.5143,274.9328,-78.4041,-107.7921,-158.7867,-34.7013,9.0074,-39.1923,-37.09,-767.4552,-12.7993,7.1346,-783.1198,-803.4785,-50.4476,-109.8047,66.4781,-176.2828,-130.3379,51.0859,-22.5907,-25.2471,24.5395
149,169.0,2016.0437,100.3549,169.0884,13.9853,-4.1723,-113.5956,-110.4389,46.8745,-13.104,69.3736,-246.8764,-759.2923,-40.494,-126.5317,-114.9432,-3.6645,32.9624,17.6683,25.8499,54.2586,91.9446,-1002.6971,186.7692,-944.3268,-245.1394,323.702,-136.9328,-115.7083,-146.9792,-106.9603,2.1127,-82.0449,-63.5644,-770.925,-28.1741,32.275,-771.6123,-794.8259,-28.4565,-130.3746,42.3399,-172.7145,-170.0818,36.4888,11.7887,3.913,60.0048
150,170.0,2016.1216,100.3208,189.583,26.532,-42.6625,-142.1733,-27.601,17.7437,16.1554,48.5391,-230.9868,-741.8272,-35.6188,-77.5442,-109.8163,-25.9511,71.5174,45.2962,49.3548,43.1145,120.4528,-826.0242,275.6637,-888.3763,-213.3115,333.0183,-57.3547,-152.8647,-148.3887,-101.6971,10.6914,-27.2461,-9.8573,-741.7102,-31.9113,67.693,-745.5347,-784.7781,-43.3183,-37.4743,105.3673,-142.8416,-132.1473,41.6106,46.8723,-7.642,52.2363
151,171.0,2016.2077,134.0673,154.596,20.773,-30.8647,-104.8774,-20.9722,-22.9033,22.196,39.6608,-223.1064,-793.4487,-5.0481,-104.8348,-118.0861,-14.416,91.9389,54.3455,67.2371,43.9299,148.4039,-809.8135,317.5271,-890.0036,-237.337,332.5931,-15.0661,-124.38,-190.5446,-91.2646,19.5026,-53.1579,-43.8755,-770.6893,-0.0004,64.1317,-798.4965,-803.8951,-60.4522,61.6823,153.1894,-91.5071,-140.243,92.1963,45.0117,-12.4078,14.5266
152,173.0,2016.3839,93.458,155.6694,7.0032,-21.0843,-123.6954,-18.6024,-27.0787,-10.7398,121.594,-228.3228,-821.325,-46.2953,-104.1503,-78.4136,25.7239,-29.9004,26.8015,55.1007,55.2685,100.445,-968.9889,192.1006,-1004.2495,-156.8401,304.3959,-112.2952,-138.5851,-125.7487,-120.5463,14.8897,-0.3159,-45.6811,-871.094,-16.3006,-10.126,-851.3197,-815.7011,-74.8427,-80.9588,71.971,-152.9298,-134.8765,10.2529,-9.4645,-21.0997,46.1141
153,174.0,2016.4577,129.6331,113.5384,17.5713,31.8288,-120.407,-86.4574,18.9662,2.3065,96.3731,-258.539,-693.0445,-64.7062,-74.8828,-115.4614,20.4028,45.0364,52.0301,33.6661,56.2206,41.308,-795.9248,248.8967,-874.8802,-169.9413,299.3921,-50.4954,-134.1998,-113.0391,-119.1845,13.7928,-61.7775,-67.4912,-759.2914,-5.8702,52.4473,-751.8806,-782.3918,11.2696,28.196,151.1956,-122.9996,-132.3448,109.8951,-31.7269,1.7304,44.0919
154,175.0,2016.5383,138.5719,157.5945,22.4536,51.7061,-130.388,-61.2205,75.8704,39.3764,130.676,-247.8581,-727.9155,-46.0211,-47.9529,-118.7345,7.2454,69.6869,52.485,42.0622,47.5475,167.289,-544.8148,436.0591,-821.4318,-159.4421,343.7139,92.3453,-162.1938,-100.3712,-131.3857,31.8058,-22.3579,14.6499,-773.5271,2.3387,66.9387,-776.2753,-797.486,27.8757,194.7326,239.8891,-45.1565,-108.6325,155.9985,51.1962,1.7217,50.1294
155,176.0,2016.6393,165.7253,156.0898,18.6648,-30.5535,-117.0758,-6.09,-44.6104,-11.4673,66.8483,-257.363,-727.2921,-50.4819,-33.1605,-108.6347,-9.6641,53.5087,47.2939,57.2525,32.3109,46.1387,-798.6993,267.54,-914.7801,-151.4593,354.126,-86.5859,-120.2165,-162.8197,-96.8373,3.1408,-30.5569,-50.7004,-760.1485,-15.8041,51.6873,-761.9699,-795.3386,-55.0794,-68.4791,84.3311,-152.8101,-146.4541,3.8948,-12.4367,-6.604,52.2247
156,179.0,2016.9071,168.4716,166.5936,-28.7906,-4.643,-82.893,-2.6027,-46.1814,21.7106,197.0769,-265.5734,-868.2851,21.7351,-32.5468,-169.014,2.3882,-34.6951,77.6017,48.1864,-23.7249,137.4251,-855.186,293.7282,-949.7417,-199.1726,311.3403,-17.6121,-132.2046,-164.3029,-137.2557,49.3117,-22.2637,-48.7841,-893.407,35.5602,-23.3983,-882.1102,-841.2927,-30.0766,95.7453,163.3767,-67.6314,-116.0427,18.4201,-47.6498,-39.5408,-5.5825
157,180.0,2016.9809,89.3619,255.1782,27.4079,-7.4175,-73.8885,-69.7661,48.47,38.9372,234.7519,-262.8194,-794.3694,-47.6626,-3.3345,-104.3559,-2.6295,32.3817,69.0534,46.4536,11.7902,107.064,-512.4574,435.5803,-837.7178,-110.3199,356.3303,79.2499,-126.7634,-85.1618,-162.7049,52.8749,-31.9828,-21.2962,-840.6324,-10.868,41.85,-831.1641,-817.7084,-66.6239,220.7558,227.3095,-6.5537,-95.0808,71.4389,-127.0675,16.7919,32.7979
158,181.0,2017.0562,147.9731,272.5873,26.8242,88.256,-203.0487,55.8955,-7.0863,82.0763,192.5984,-216.441,-929.5909,-17.6672,69.9742,-166.8366,-25.0021,45.3418,48.8328,66.4747,9.8296,302.8557,-459.0088,588.6146,-925.7589,-121.8646,430.39,158.2246,-251.44,-33.7009,-80.4402,48.3912,72.5212,48.8092,-955.385,-21.2694,74.7382,-925.9887,-888.094,15.479,361.0851,360.8553,0.2298,-41.3453,122.7686,53.5799,-36.5436,45.8023
159,183.0,2017.2466,83.2929,155.1985,21.7182,-88.4069,115.2484,-23.0434,-261.2771,-45.1679,79.3115,-257.0281,-804.2619,-129.1152,3.5156,-50.5864,0.5966,90.9615,39.9137,-10.0084,130.3787,205.1664,-948.7597,117.8467,-1020.1322,-46.4742,368.8701,-251.0235,-106.1781,-209.8782,-14.7172,221.4265,-4.5412,-284.3205,-885.1762,-85.0064,127.7669,-848.3707,-891.0895,-95.097,-32.2863,139.4752,-171.7614,-152.8421,99.9527,134.1893,-31.2887,89.2657
160,184.0,2017.3123,213.1655,138.6517,-1.4591,1.4662,-187.7471,-25.0358,22.1814,-18.0769,161.4846,-257.2336,-852.3747,-86.0996,-5.7817,-86.7954,1.1195,128.7244,-23.0009,74.8863,32.0243,216.8691,-769.9006,227.0559,-905.4988,-91.4576,383.8416,-156.7857,-202.7444,-255.5246,-157.9658,14.9974,-9.2835,-2.8543,-899.7353,-24.6294,114.6148,-913.8449,-938.0414,-74.194,57.1591,48.813,8.3461,-237.541,72.8571,175.8405,-4.0062,88.7344
161,185.0,2017.3616,160.1203,164.339,-5.2237,-55.1749,-42.3144,-38.3471,39.0794,33.3423,124.8066,-271.5348,-831.0949,-55.5023,-42.628,-134.4158,23.2374,113.0953,76.0528,18.3933,80.8022,221.5577,-642.9675,431.0691,-920.2302,-153.8064,405.2614,25.8077,-93.6901,-216.3814,-104.1819,51.3757,-60.2693,0.7324,-887.7297,5.3213,108.9065,-891.9185,-917.2981,-75.7557,90.4538,118.7655,-28.3117,-168.4707,156.2908,54.9164,-1.3822,56.1004
162,186.0,2017.4425,161.697,152.7301,114.1907,73.5879,-246.0213,48.1913,-35.3915,11.5805,246.2301,-255.3918,-782.8576,-69.5108,31.7963,-120.9797,-62.9064,123.7545,63.1118,44.9283,-19.7786,114.997,-521.0391,368.8262,-737.7756,-152.0897,294.6484,74.1777,-271.4478,-32.1645,-142.8497,25.4265,22.5657,12.7998,-869.3268,-16.8094,157.5223,-835.559,-837.4024,45.9431,430.6091,332.8257,97.7834,-42.4908,223.5801,-14.1216,-17.7039,52.8836
163,198.0,2018.4562,216.9372,226.1743,5.6207,-44.7909,-215.7362,42.92,87.674,55.9267,167.8951,-325.0217,-1057.1859,-19.7015,-110.2904,-103.8929,32.3476,46.4055,111.0642,79.8908,63.3259,163.1666,-740.4376,629.0066,-1187.6085,-181.8357,506.4373,122.5693,-192.9166,-183.4538,-184.5414,-22.8197,69.319,130.594,-1059.2904,5.9377,22.8709,-1082.825,-1087.0851,-60.0858,80.1083,184.8919,-104.7835,-193.5557,136.5036,100.882,34.2117,31.9985
164,199.0,2018.5219,201.0258,185.1642,16.8942,-5.7177,-164.2282,60.4212,-39.8697,43.4207,96.5513,-329.5508,-1093.2827,60.8256,-198.5768,-84.6618,55.6767,105.1866,115.4357,66.8049,69.8303,192.1678,-838.6506,549.1814,-1160.2701,-227.5618,456.0203,93.1611,-204.8415,-211.6925,-213.7238,40.6133,30.7868,20.5515,-1006.6083,57.832,21.5057,-1090.2891,-1129.6928,-52.8926,207.4701,277.4511,-69.981,-205.0282,163.8729,59.8546,-67.0063,45.877
165,202.0,2018.8329,107.948,366.3454,-33.1636,-45.9996,-176.7633,9.0442,4.9088,12.6129,68.6979,-392.3965,-810.5762,-207.5243,5.5445,-143.742,-35.9545,49.5802,-25.8091,44.2994,138.718,246.045,-1064.2298,402.141,-1292.2189,-174.1519,613.0114,-210.8703,-200.4607,-235.0189,-145.337,23.6974,-3.5837,13.953,-994.8694,-48.2827,74.6318,-969.8178,-1045.2348,-69.1509,-346.7637,-24.3626,-322.4011,-202.3856,9.8804,184.3911,-28.5401,-40.7353
166,203.0,2018.8753,178.3153,228.0922,-6.2756,-10.5216,-196.6924,-21.3578,37.8016,13.9218,96.1025,-354.7001,-1016.6376,-95.381,-57.0276,-98.9204,-9.3343,29.9058,-0.5904,43.2766,98.6261,149.1878,-1141.3969,364.5957,-1340.7104,-165.2822,505.0336,-140.4379,-240.5847,-202.2639,-185.0932,43.8923,0.6908,16.4438,-1089.2283,-25.259,32.3746,-1086.7595,-1106.264,-54.0572,-170.2478,83.703,-253.9508,-217.7265,109.9574,24.7894,-23.276,21.2399
167,204.0,2018.9589,195.8681,170.3696,-5.7976,-38.3149,-240.6536,69.8475,-34.6039,22.4202,96.2539,-371.7647,-1106.1048,-18.1394,-127.7423,-133.0574,16.7622,66.0359,61.8425,43.9459,94.213,182.0063,-1238.6199,339.1366,-1333.719,-244.0375,460.4506,-121.314,-276.3351,-246.7723,-209.7486,35.6815,25.3628,35.2436,-1083.7726,2.3599,23.2044,-1126.6041,-1161.3904,-67.5733,-87.3374,119.7775,-207.1149,-207.2093,135.1345,-10.0201,-51.0407,15.7805
168,205.0,2019.0438,168.4711,221.1652,1.0117,-73.3682,-212.396,37.1738,-36.2435,39.1088,108.7046,-342.5358,-1170.9122,-9.6305,-93.8031,-125.9775,-9.989,107.9123,98.243,74.636,49.396,113.0684,-1169.0332,367.198,-1306.4616,-229.7696,439.0323,-71.8343,-247.992,-236.7521,-182.645,35.5961,11.0402,0.9303,-1132.7535,-7.889,68.012,-1172.6537,-1186.5724,-69.4954,41.4195,175.2274,-133.8079,-190.9359,91.1025,11.9842,-27.3148,45.6561
169,206.0,2019.1219,218.7362,162.4109,32.9242,-127.0487,-222.6564,47.7891,16.7452,53.057,122.9385,-342.3817,-1156.9861,-51.813,-25.7048,-119.2854,-54.8459,55.5594,99.8066,83.8552,42.9002,56.3944,-1163.9996,408.5194,-1372.683,-199.8361,424.0473,-15.5278,-223.8892,-255.3552,-183.3498,1.2328,44.9811,64.5343,-1149.7861,-48.148,44.6943,-1160.6511,-1176.6648,-136.5015,-68.2048,143.8271,-212.0319,-246.247,137.7416,-42.9645,2.3349,47.1234
170,207.0,2019.2055,238.0638,160.0615,4.463,-48.8502,-241.3942,121.7228,-79.942,88.511,152.4979,-338.5993,-1240.548,26.0841,-104.408,-104.6659,-11.4845,78.6177,144.4959,95.2346,30.691,160.9077,-1029.449,513.0571,-1321.9476,-220.5585,428.8163,84.2407,-282.4444,-272.0581,-218.9921,41.0501,61.7394,41.7808,-1167.4757,-14.4022,46.0316,-1200.0618,-1207.18,-61.1479,203.0185,324.9043,-121.8859,-204.673,247.4567,-27.3169,-39.4551,51.3868
171,208.0,2019.289,212.5138,248.7361,39.5303,-108.4387,-193.364,72.1354,-5.1337,133.8033,202.9605,-360.4961,-1153.3472,-35.2632,-96.7294,-106.6547,-3.47,17.9641,182.7053,89.1144,62.9668,378.6109,-800.467,734.569,-1328.1819,-206.8542,524.2167,210.3522,-238.4656,-272.1218,-211.8467,45.1016,43.4454,67.0017,-1141.8924,-34.2365,5.4826,-1154.3738,-1181.7267,-112.0689,208.0082,381.8162,-173.808,-227.3423,256.0044,88.3752,-28.9832,33.4115
172,209.0,2019.3726,185.4632,303.5783,31.3341,-99.3224,-210.4134,56.3149,64.3033,89.8051,176.9825,-354.221,-1195.3951,9.7583,-119.637,-88.7904,32.279,48.9088,146.1451,96.5478,35.3,282.6853,-791.0586,699.0561,-1313.9665,-176.1483,524.3416,174.7145,-237.6895,-244.1265,-191.0108,27.2761,51.7368,120.6182,-1166.1532,-12.1381,41.5633,-1173.4988,-1195.944,-123.1279,151.318,291.7858,-140.4677,-238.7267,185.0342,82.141,-9.2514,41.9656
173,210.0,2019.4562,160.6502,289.841,-7.9253,-86.4331,-241.0151,106.6931,-28.9022,73.009,149.8899,-351.9756,-1248.295,35.607,-133.6528,-97.1497,18.2592,109.6972,134.41,72.0081,50.3817,171.1856,-994.9024,522.7174,-1305.0765,-212.5433,500.8729,21.8445,-295.2573,-255.9872,-205.2359,54.2423,63.1662,77.7909,-1180.9375,11.1412,66.8056,-1223.8292,-1238.2707,-96.0411,158.0636,239.311,-81.2474,-187.8754,133.5022,-11.0195,-55.0588,67.2574
174,211.0,2019.5397,169.7669,266.1169,50.8295,-57.645,-207.6492,7.4569,60.8349,57.9648,145.8039,-380.2737,-1090.0657,-52.2054,-45.2207,-165.2762,-16.7469,141.8261,108.7417,43.1061,111.6092,271.5621,-851.0257,611.1328,-1234.9147,-227.2438,547.493,63.6398,-255.3964,-227.7544,-214.6537,47.7472,17.7152,68.2918,-1133.0093,-15.5539,148.1183,-1126.7171,-1174.5996,-86.3506,142.5468,250.7444,-108.1975,-215.1171,238.7584,43.57,23.0816,100.8743
175,212.0,2019.6247,136.2836,292.1478,52.128,-60.6515,-247.4292,23.3435,61.6133,79.9677,108.2952,-387.6671,-1034.7735,-65.2182,-91.3258,-142.8224,-13.5184,145.2003,127.768,47.176,140.8947,307.5129,-828.5879,653.2419,-1234.1633,-247.6665,569.3261,83.9158,-272.342,-235.9504,-205.0491,24.9128,37.0322,84.9568,-1078.4371,0.7597,122.8859,-1100.7515,-1172.896,-62.8723,137.8892,271.3009,-133.4118,-217.874,216.2724,122.8784,41.7444,29.993
176,213.0,2019.7082,207.2753,241.95,58.9111,-19.6858,-270.4503,11.4129,51.1237,116.6216,215.4162,-347.7474,-1164.4413,0.2573,-138.8507,-121.5149,-1.6725,75.312,170.2604,103.0486,16.7694,287.2659,-796.0046,687.2368,-1221.2033,-262.0381,465.9946,221.2422,-323.119,-238.0723,-225.8179,52.6688,11.3226,62.5365,-1135.8746,5.5801,41.4224,-1169.7642,-1201.9482,-64.4711,430.3855,481.8247,-51.4391,-214.1462,227.3595,30.913,-18.9612,-14.9373
