"Year";"PAGES2013method_NB_infilled_posr_DML-coast Recon";"2SE";"PAGES2013method_NB_infilled_posr_DML-coast Recon decadal";"2SE_decadal";"REs_fullcal";"REs_verif1";"REs_verfi2";"Mean_RE"
1533;NA;NA;NA;NA;NA;NA;NA;NA
1534;NA;NA;NA;NA;NA;NA;NA;NA
1535;NA;NA;NA;NA;NA;NA;NA;NA
1536;NA;NA;NA;NA;NA;NA;NA;NA
1537;NA;NA;NA;NA;NA;NA;NA;NA
1538;NA;NA;NA;NA;NA;NA;NA;NA
1539;NA;NA;NA;NA;NA;NA;NA;NA
1540;NA;NA;NA;NA;NA;NA;NA;NA
1541;NA;NA;NA;NA;NA;NA;NA;NA
1542;NA;NA;NA;NA;NA;NA;NA;NA
1543;NA;NA;NA;NA;NA;NA;NA;NA
1544;NA;NA;NA;NA;NA;NA;NA;NA
1545;NA;NA;NA;NA;NA;NA;NA;NA
1546;NA;NA;NA;NA;NA;NA;NA;NA
1547;NA;NA;NA;NA;NA;NA;NA;NA
1548;NA;NA;NA;NA;NA;NA;NA;NA
1549;NA;NA;NA;NA;NA;NA;NA;NA
1550;NA;NA;NA;NA;NA;NA;NA;NA
1551;NA;NA;NA;NA;NA;NA;NA;NA
1552;NA;NA;NA;NA;NA;NA;NA;NA
1553;NA;NA;NA;NA;NA;NA;NA;NA
1554;NA;NA;NA;NA;NA;NA;NA;NA
1555;NA;NA;NA;NA;NA;NA;NA;NA
1556;NA;NA;NA;NA;NA;NA;NA;NA
1557;NA;NA;NA;NA;NA;NA;NA;NA
1558;NA;NA;NA;NA;NA;NA;NA;NA
1559;NA;NA;NA;NA;NA;NA;NA;NA
1560;NA;NA;NA;NA;NA;NA;NA;NA
1561;NA;NA;NA;NA;NA;NA;NA;NA
1562;NA;NA;NA;NA;NA;NA;NA;NA
1563;NA;NA;NA;NA;NA;NA;NA;NA
1564;NA;NA;NA;NA;NA;NA;NA;NA
1565;NA;NA;NA;NA;NA;NA;NA;NA
1566;NA;NA;NA;NA;NA;NA;NA;NA
1567;NA;NA;NA;NA;NA;NA;NA;NA
1568;NA;NA;NA;NA;NA;NA;NA;NA
1569;NA;NA;NA;NA;NA;NA;NA;NA
1570;NA;NA;NA;NA;NA;NA;NA;NA
1571;NA;NA;NA;NA;NA;NA;NA;NA
1572;NA;NA;NA;NA;NA;NA;NA;NA
1573;NA;NA;NA;NA;NA;NA;NA;NA
1574;NA;NA;NA;NA;NA;NA;NA;NA
1575;NA;NA;NA;NA;NA;NA;NA;NA
1576;NA;NA;NA;NA;NA;NA;NA;NA
1577;NA;NA;NA;NA;NA;NA;NA;NA
1578;NA;NA;NA;NA;NA;NA;NA;NA
1579;NA;NA;NA;NA;NA;NA;NA;NA
1580;NA;NA;NA;NA;NA;NA;NA;NA
1581;NA;NA;NA;NA;NA;NA;NA;NA
1582;NA;NA;NA;NA;NA;NA;NA;NA
1583;NA;NA;NA;NA;NA;NA;NA;NA
1584;NA;NA;NA;NA;NA;NA;NA;NA
1585;NA;NA;NA;NA;NA;NA;NA;NA
1586;NA;NA;NA;NA;NA;NA;NA;NA
1587;NA;NA;NA;NA;NA;NA;NA;NA
1588;NA;NA;NA;NA;NA;NA;NA;NA
1589;NA;NA;NA;NA;NA;NA;NA;NA
1590;NA;NA;NA;NA;NA;NA;NA;NA
1591;NA;NA;NA;NA;NA;NA;NA;NA
1592;NA;NA;NA;NA;NA;NA;NA;NA
1593;NA;NA;NA;NA;NA;NA;NA;NA
1594;NA;NA;NA;NA;NA;NA;NA;NA
1595;NA;NA;NA;NA;NA;NA;NA;NA
1596;NA;NA;NA;NA;NA;NA;NA;NA
1597;NA;NA;NA;NA;NA;NA;NA;NA
1598;NA;NA;NA;NA;NA;NA;NA;NA
1599;NA;NA;NA;NA;NA;NA;NA;NA
1600;NA;NA;NA;NA;NA;NA;NA;NA
1601;NA;NA;NA;NA;NA;NA;NA;NA
1602;NA;NA;NA;NA;NA;NA;NA;NA
1603;NA;NA;NA;NA;NA;NA;NA;NA
1604;NA;NA;NA;NA;NA;NA;NA;NA
1605;NA;NA;NA;NA;NA;NA;NA;NA
1606;NA;NA;NA;NA;NA;NA;NA;NA
1607;NA;NA;NA;NA;NA;NA;NA;NA
1608;NA;NA;NA;NA;NA;NA;NA;NA
1609;NA;NA;NA;NA;NA;NA;NA;NA
1610;NA;NA;NA;NA;NA;NA;NA;NA
1611;NA;NA;NA;NA;NA;NA;NA;NA
1612;NA;NA;NA;NA;NA;NA;NA;NA
1613;NA;NA;NA;NA;NA;NA;NA;NA
1614;NA;NA;NA;NA;NA;NA;NA;NA
1615;NA;NA;NA;NA;NA;NA;NA;NA
1616;NA;NA;NA;NA;NA;NA;NA;NA
1617;NA;NA;NA;NA;NA;NA;NA;NA
1618;NA;NA;NA;NA;NA;NA;NA;NA
1619;NA;NA;NA;NA;NA;NA;NA;NA
1620;NA;NA;NA;NA;NA;NA;NA;NA
1621;NA;NA;NA;NA;NA;NA;NA;NA
1622;NA;NA;NA;NA;NA;NA;NA;NA
1623;NA;NA;NA;NA;NA;NA;NA;NA
1624;NA;NA;NA;NA;NA;NA;NA;NA
1625;NA;NA;NA;NA;NA;NA;NA;NA
1626;NA;NA;NA;NA;NA;NA;NA;NA
1627;NA;NA;NA;NA;NA;NA;NA;NA
1628;NA;NA;NA;NA;NA;NA;NA;NA
1629;NA;NA;NA;NA;NA;NA;NA;NA
1630;NA;NA;NA;NA;NA;NA;NA;NA
1631;NA;NA;NA;NA;NA;NA;NA;NA
1632;NA;NA;NA;NA;NA;NA;NA;NA
1633;NA;NA;NA;NA;NA;NA;NA;NA
1634;NA;NA;NA;NA;NA;NA;NA;NA
1635;NA;NA;NA;NA;NA;NA;NA;NA
1636;NA;NA;NA;NA;NA;NA;NA;NA
1637;NA;NA;NA;NA;NA;NA;NA;NA
1638;NA;NA;NA;NA;NA;NA;NA;NA
1639;NA;NA;NA;NA;NA;NA;NA;NA
1640;NA;NA;NA;NA;NA;NA;NA;NA
1641;NA;NA;NA;NA;NA;NA;NA;NA
1642;NA;NA;NA;NA;NA;NA;NA;NA
1643;NA;NA;NA;NA;NA;NA;NA;NA
1644;NA;NA;NA;NA;NA;NA;NA;NA
1645;NA;NA;NA;NA;NA;NA;NA;NA
1646;NA;NA;NA;NA;NA;NA;NA;NA
1647;NA;NA;NA;NA;NA;NA;NA;NA
1648;NA;NA;NA;NA;NA;NA;NA;NA
1649;NA;NA;NA;NA;NA;NA;NA;NA
1650;NA;NA;NA;NA;NA;NA;NA;NA
1651;NA;NA;NA;NA;NA;NA;NA;NA
1652;NA;NA;NA;NA;NA;NA;NA;NA
1653;NA;NA;NA;NA;NA;NA;NA;NA
1654;NA;NA;NA;NA;NA;NA;NA;NA
1655;NA;NA;NA;NA;NA;NA;NA;NA
1656;NA;NA;NA;NA;NA;NA;NA;NA
1657;NA;NA;NA;NA;NA;NA;NA;NA
1658;NA;NA;NA;NA;NA;NA;NA;NA
1659;NA;NA;NA;NA;NA;NA;NA;NA
1660;NA;NA;NA;NA;NA;NA;NA;NA
1661;NA;NA;NA;NA;NA;NA;NA;NA
1662;NA;NA;NA;NA;NA;NA;NA;NA
1663;NA;NA;NA;NA;NA;NA;NA;NA
1664;NA;NA;NA;NA;NA;NA;NA;NA
1665;NA;NA;NA;NA;NA;NA;NA;NA
1666;NA;NA;NA;NA;NA;NA;NA;NA
1667;NA;NA;NA;NA;NA;NA;NA;NA
1668;NA;NA;NA;NA;NA;NA;NA;NA
1669;NA;NA;NA;NA;NA;NA;NA;NA
1670;NA;NA;NA;NA;NA;NA;NA;NA
1671;NA;NA;NA;NA;NA;NA;NA;NA
1672;NA;NA;NA;NA;NA;NA;NA;NA
1673;NA;NA;NA;NA;NA;NA;NA;NA
1674;NA;NA;NA;NA;NA;NA;NA;NA
1675;NA;NA;NA;NA;NA;NA;NA;NA
1676;NA;NA;NA;NA;NA;NA;NA;NA
1677;NA;NA;NA;NA;NA;NA;NA;NA
1678;NA;NA;NA;NA;NA;NA;NA;NA
1679;NA;NA;NA;NA;NA;NA;NA;NA
1680;NA;NA;NA;NA;NA;NA;NA;NA
1681;NA;NA;NA;NA;NA;NA;NA;NA
1682;NA;NA;NA;NA;NA;NA;NA;NA
1683;NA;NA;NA;NA;NA;NA;NA;NA
1684;NA;NA;NA;NA;NA;NA;NA;NA
1685;NA;NA;NA;NA;NA;NA;NA;NA
1686;NA;NA;NA;NA;NA;NA;NA;NA
1687;NA;NA;NA;NA;NA;NA;NA;NA
1688;NA;NA;NA;NA;NA;NA;NA;NA
1689;NA;NA;NA;NA;NA;NA;NA;NA
1690;NA;NA;NA;NA;NA;NA;NA;NA
1691;NA;NA;NA;NA;NA;NA;NA;NA
1692;NA;NA;NA;NA;NA;NA;NA;NA
1693;NA;NA;NA;NA;NA;NA;NA;NA
1694;NA;NA;NA;NA;NA;NA;NA;NA
1695;NA;NA;NA;NA;NA;NA;NA;NA
1696;NA;NA;NA;NA;NA;NA;NA;NA
1697;NA;NA;NA;NA;NA;NA;NA;NA
1698;NA;NA;NA;NA;NA;NA;NA;NA
1699;NA;NA;NA;NA;NA;NA;NA;NA
1700;NA;NA;NA;NA;NA;NA;NA;NA
1701;NA;NA;NA;NA;NA;NA;NA;NA
1702;NA;NA;NA;NA;NA;NA;NA;NA
1703;NA;NA;NA;NA;NA;NA;NA;NA
1704;NA;NA;NA;NA;NA;NA;NA;NA
1705;NA;NA;NA;NA;NA;NA;NA;NA
1706;NA;NA;NA;NA;NA;NA;NA;NA
1707;NA;NA;NA;NA;NA;NA;NA;NA
1708;NA;NA;NA;NA;NA;NA;NA;NA
1709;NA;NA;NA;NA;NA;NA;NA;NA
1710;NA;NA;NA;NA;NA;NA;NA;NA
1711;NA;NA;NA;NA;NA;NA;NA;NA
1712;NA;NA;NA;NA;NA;NA;NA;NA
1713;NA;NA;NA;NA;NA;NA;NA;NA
1714;NA;NA;NA;NA;NA;NA;NA;NA
1715;NA;NA;NA;NA;NA;NA;NA;NA
1716;NA;NA;NA;NA;NA;NA;NA;NA
1717;NA;NA;NA;NA;NA;NA;NA;NA
1718;NA;NA;NA;NA;NA;NA;NA;NA
1719;NA;NA;NA;NA;NA;NA;NA;NA
1720;NA;NA;NA;NA;NA;NA;NA;NA
1721;NA;NA;NA;NA;NA;NA;NA;NA
1722;NA;NA;NA;NA;NA;NA;NA;NA
1723;NA;NA;NA;NA;NA;NA;NA;NA
1724;NA;NA;NA;NA;NA;NA;NA;NA
1725;NA;NA;NA;NA;NA;NA;NA;NA
1726;NA;NA;NA;NA;NA;NA;NA;NA
1727;NA;NA;NA;NA;NA;NA;NA;NA
1728;NA;NA;NA;NA;NA;NA;NA;NA
1729;NA;NA;NA;NA;NA;NA;NA;NA
1730;NA;NA;NA;NA;NA;NA;NA;NA
1731;NA;NA;NA;NA;NA;NA;NA;NA
1732;NA;NA;NA;NA;NA;NA;NA;NA
1733;NA;NA;NA;NA;NA;NA;NA;NA
1734;NA;NA;NA;NA;NA;NA;NA;NA
1735;NA;NA;NA;NA;NA;NA;NA;NA
1736;NA;NA;NA;NA;NA;NA;NA;NA
1737;NA;NA;NA;NA;NA;NA;NA;NA
1738;NA;NA;NA;NA;NA;NA;NA;NA
1739;NA;NA;NA;NA;NA;NA;NA;NA
1740;NA;NA;NA;NA;NA;NA;NA;NA
1741;NA;NA;NA;NA;NA;NA;NA;NA
1742;NA;NA;NA;NA;NA;NA;NA;NA
1743;NA;NA;NA;NA;NA;NA;NA;NA
1744;NA;NA;NA;NA;NA;NA;NA;NA
1745;NA;NA;NA;NA;NA;NA;NA;NA
1746;NA;NA;NA;NA;NA;NA;NA;NA
1747;NA;NA;NA;NA;NA;NA;NA;NA
1748;NA;NA;NA;NA;NA;NA;NA;NA
1749;NA;NA;NA;NA;NA;NA;NA;NA
1750;NA;NA;NA;NA;NA;NA;NA;NA
1751;NA;NA;NA;NA;NA;NA;NA;NA
1752;NA;NA;NA;NA;NA;NA;NA;NA
1753;NA;NA;NA;NA;NA;NA;NA;NA
1754;NA;NA;NA;NA;NA;NA;NA;NA
1755;NA;NA;NA;NA;NA;NA;NA;NA
1756;NA;NA;NA;NA;NA;NA;NA;NA
1757;NA;NA;NA;NA;NA;NA;NA;NA
1758;NA;NA;NA;NA;NA;NA;NA;NA
1759;NA;NA;NA;NA;NA;NA;NA;NA
1760;NA;NA;NA;NA;NA;NA;NA;NA
1761;NA;NA;NA;NA;NA;NA;NA;NA
1762;NA;NA;NA;NA;NA;NA;NA;NA
1763;NA;NA;NA;NA;NA;NA;NA;NA
1764;NA;NA;NA;NA;NA;NA;NA;NA
1765;NA;NA;NA;NA;NA;NA;NA;NA
1766;NA;NA;NA;NA;NA;NA;NA;NA
1767;NA;NA;NA;NA;NA;NA;NA;NA
1768;NA;NA;NA;NA;NA;NA;NA;NA
1769;NA;NA;NA;NA;NA;NA;NA;NA
1770;NA;NA;NA;NA;NA;NA;NA;NA
1771;NA;NA;NA;NA;NA;NA;NA;NA
1772;NA;NA;NA;NA;NA;NA;NA;NA
1773;NA;NA;NA;NA;NA;NA;NA;NA
1774;NA;NA;NA;NA;NA;NA;NA;NA
1775;NA;NA;NA;NA;NA;NA;NA;NA
1776;NA;NA;NA;NA;NA;NA;NA;NA
1777;NA;NA;NA;NA;NA;NA;NA;NA
1778;NA;NA;NA;NA;NA;NA;NA;NA
1779;NA;NA;NA;NA;NA;NA;NA;NA
1780;NA;NA;NA;NA;NA;NA;NA;NA
1781;NA;NA;NA;NA;NA;NA;NA;NA
1782;NA;NA;NA;NA;NA;NA;NA;NA
1783;NA;NA;NA;NA;NA;NA;NA;NA
1784;NA;NA;NA;NA;NA;NA;NA;NA
1785;NA;NA;NA;NA;NA;NA;NA;NA
1786;NA;NA;NA;NA;NA;NA;NA;NA
1787;NA;NA;NA;NA;NA;NA;NA;NA
1788;NA;NA;NA;NA;NA;NA;NA;NA
1789;NA;NA;NA;NA;NA;NA;NA;NA
1790;NA;NA;NA;NA;NA;NA;NA;NA
1791;NA;NA;NA;NA;NA;NA;NA;NA
1792;NA;NA;NA;NA;NA;NA;NA;NA
1793;NA;NA;NA;NA;NA;NA;NA;NA
1794;NA;NA;NA;NA;NA;NA;NA;NA
1795;NA;NA;NA;NA;NA;NA;NA;NA
1796;NA;NA;NA;NA;NA;NA;NA;NA
1797;NA;NA;NA;NA;NA;NA;NA;NA
1798;NA;NA;NA;NA;NA;NA;NA;NA
1799;NA;NA;NA;NA;NA;NA;NA;NA
1800;NA;NA;NA;NA;NA;NA;NA;NA
1801;NA;NA;NA;NA;NA;NA;NA;NA
1802;NA;NA;NA;NA;NA;NA;NA;NA
1803;NA;NA;NA;NA;NA;NA;NA;NA
1804;NA;NA;NA;NA;NA;NA;NA;NA
1805;NA;NA;NA;NA;NA;NA;NA;NA
1806;NA;NA;NA;NA;NA;NA;NA;NA
1807;NA;NA;NA;NA;NA;NA;NA;NA
1808;NA;NA;NA;NA;NA;NA;NA;NA
1809;NA;NA;NA;NA;NA;NA;NA;NA
1810;NA;NA;NA;NA;NA;NA;NA;NA
1811;NA;NA;NA;NA;NA;NA;NA;NA
1812;NA;NA;NA;NA;NA;NA;NA;NA
1813;NA;NA;NA;NA;NA;NA;NA;NA
1814;NA;NA;NA;NA;NA;NA;NA;NA
1815;NA;NA;NA;NA;NA;NA;NA;NA
1816;NA;NA;NA;NA;NA;NA;NA;NA
1817;NA;NA;NA;NA;NA;NA;NA;NA
1818;NA;NA;NA;NA;NA;NA;NA;NA
1819;NA;NA;NA;NA;NA;NA;NA;NA
1820;NA;NA;NA;NA;NA;NA;NA;NA
1821;NA;NA;NA;NA;NA;NA;NA;NA
1822;NA;NA;NA;NA;NA;NA;NA;NA
1823;NA;NA;NA;NA;NA;NA;NA;NA
1824;NA;NA;NA;NA;NA;NA;NA;NA
1825;NA;NA;NA;NA;NA;NA;NA;NA
1826;NA;NA;NA;NA;NA;NA;NA;NA
1827;NA;NA;NA;NA;NA;NA;NA;NA
1828;NA;NA;NA;NA;NA;NA;NA;NA
1829;NA;NA;NA;NA;NA;NA;NA;NA
1830;NA;NA;NA;NA;NA;NA;NA;NA
1831;NA;NA;NA;NA;NA;NA;NA;NA
1832;NA;NA;NA;NA;NA;NA;NA;NA
1833;NA;NA;NA;NA;NA;NA;NA;NA
1834;NA;NA;NA;NA;NA;NA;NA;NA
1835;NA;NA;NA;NA;NA;NA;NA;NA
1836;NA;NA;NA;NA;NA;NA;NA;NA
1837;NA;NA;NA;NA;NA;NA;NA;NA
1838;NA;NA;NA;NA;NA;NA;NA;NA
1839;NA;NA;NA;NA;NA;NA;NA;NA
1840;NA;NA;NA;NA;NA;NA;NA;NA
1841;NA;NA;NA;NA;NA;NA;NA;NA
1842;NA;NA;NA;NA;NA;NA;NA;NA
1843;NA;NA;NA;NA;NA;NA;NA;NA
1844;NA;NA;NA;NA;NA;NA;NA;NA
1845;NA;NA;NA;NA;NA;NA;NA;NA
1846;NA;NA;NA;NA;NA;NA;NA;NA
1847;NA;NA;NA;NA;NA;NA;NA;NA
1848;NA;NA;NA;NA;NA;NA;NA;NA
1849;NA;NA;NA;NA;NA;NA;NA;NA
1850;NA;NA;NA;NA;NA;NA;NA;NA
1851;NA;NA;NA;NA;NA;NA;NA;NA
1852;NA;NA;NA;NA;NA;NA;NA;NA
1853;NA;NA;NA;NA;NA;NA;NA;NA
1854;NA;NA;NA;NA;NA;NA;NA;NA
1855;NA;NA;NA;NA;NA;NA;NA;NA
1856;NA;NA;NA;NA;NA;NA;NA;NA
1857;NA;NA;NA;NA;NA;NA;NA;NA
1858;NA;NA;NA;NA;NA;NA;NA;NA
1859;NA;NA;NA;NA;NA;NA;NA;NA
1860;NA;NA;NA;NA;NA;NA;NA;NA
1861;NA;NA;NA;NA;NA;NA;NA;NA
1862;NA;NA;NA;NA;NA;NA;NA;NA
1863;NA;NA;NA;NA;NA;NA;NA;NA
1864;NA;NA;NA;NA;NA;NA;NA;NA
1865;NA;NA;NA;NA;NA;NA;NA;NA
1866;NA;NA;NA;NA;NA;NA;NA;NA
1867;NA;NA;NA;NA;NA;NA;NA;NA
1868;NA;NA;NA;NA;NA;NA;NA;NA
1869;NA;NA;NA;NA;NA;NA;NA;NA
1870;NA;NA;NA;NA;NA;NA;NA;NA
1871;NA;NA;NA;NA;NA;NA;NA;NA
1872;NA;NA;NA;NA;NA;NA;NA;NA
1873;NA;NA;NA;NA;NA;NA;NA;NA
1874;NA;NA;NA;NA;NA;NA;NA;NA
1875;NA;NA;NA;NA;NA;NA;NA;NA
1876;NA;NA;-0.509811570487558;NA;NA;NA;NA;NA
1877;NA;NA;-0.492275885458893;NA;NA;NA;NA;NA
1878;NA;NA;-0.502296276903844;NA;NA;NA;NA;NA
1879;NA;NA;-0.403344911384954;NA;NA;NA;NA;NA
1880;NA;NA;-0.358002640096551;NA;NA;NA;NA;NA
1881;-0.509811570487558;2.23778356140293;-0.35199040522958;0.436598439748579;-1.07779763488736;-0.0617637887162983;-1.37213644651372;-0.71695011761501
1882;-0.474740200430229;2.23778356140293;-0.281847665114924;0.436598439748579;-1.07779763488736;-0.0617637887162983;-1.37213644651372;-0.71695011761501
1883;-0.522337059793746;2.23778356140293;-0.208573552673721;0.436598439748579;-1.07779763488736;-0.0617637887162983;-1.37213644651372;-0.71695011761501
1884;-0.106490814828282;2.23778356140293;-0.152139264744171;0.436598439748579;-1.07779763488736;-0.0617637887162983;-1.37213644651372;-0.71695011761501
1885;-0.176633554942939;2.23778356140293;-0.136551989163136;0.436598439748579;-1.07779763488736;-0.0617637887162983;-1.37213644651372;-0.71695011761501
1886;-0.321929230894728;2.23778356140293;-0.138556067452126;0.436598439748579;-1.07779763488736;-0.0617637887162983;-1.37213644651372;-0.71695011761501
1887;0.139008775573014;2.23778356140293;-0.107492853972779;0.436598439748579;-1.07779763488736;-0.0617637887162983;-1.37213644651372;-0.71695011761501
1888;0.304345234414703;2.23778356140293;-0.069415366481965;0.436598439748579;-1.07779763488736;-0.0617637887162983;-1.37213644651372;-0.71695011761501
1889;0.299335038692227;2.23778356140293;-0.109997951834016;0.436598439748579;-1.07779763488736;-0.0617637887162983;-1.37213644651372;-0.71695011761501
1890;0.00373349106617683;2.23778356140293;-0.121020382423462;0.436598439748579;-1.07779763488736;-0.0617637887162983;-1.37213644651372;-0.71695011761501
1891;-0.529852353377459;2.23778356140293;-0.0746760719905644;0.436598439748579;-1.07779763488736;-0.0617637887162983;-1.37213644651372;-0.71695011761501
1892;-0.164108065636751;2.23778356140293;-0.100228070175189;0.436598439748579;-1.07779763488736;-0.0617637887162983;-1.37213644651372;-0.71695011761501
1893;-0.141562184885611;2.23778356140293;-0.173376927723331;0.436598439748579;-1.07779763488736;-0.0617637887162983;-1.37213644651372;-0.71695011761501
1894;-0.512316668348795;2.23778356140293;-0.261055352866651;0.436598439748579;-1.07779763488736;-0.0617637887162983;-1.37213644651372;-0.71695011761501
1895;-0.2868578608374;2.23778356140293;-0.299132840357465;0.436598439748579;-1.07779763488736;-0.0617637887162983;-1.37213644651372;-0.71695011761501
1896;0.141513873434251;2.23778356140293;-0.268570646450365;0.436598439748579;-1.07779763488736;-0.0617637887162983;-1.37213644651372;-0.71695011761501
1897;-0.116511206273235;2.23778356140293;-0.237703323092119;0.436598439748579;-1.07779763488736;-0.0617637887162983;-1.37213644651372;-0.71695011761501
1898;-0.427143341066713;2.23778356140293;-0.196301889668757;0.436598439748579;-1.07779763488736;-0.0617637887162983;-1.37213644651372;-0.71695011761501
1899;-0.577449212740976;2.23778356140293;-0.142601183685554;0.436598439748579;-1.07779763488736;-0.0617637887162983;-1.37213644651372;-0.71695011761501
1900;-0.377041383841958;2.23778356140293;-0.142654604527474;0.436598439748579;-1.07779763488736;-0.0617637887162983;-1.37213644651372;-0.71695011761501
1901;-0.224230414306457;2.23778356140293;-0.171529054156008;0.436598439748579;-1.07779763488736;-0.0617637887162983;-1.37213644651372;-0.71695011761501
1902;0.144565167945708;2.27334813055838;-0.182656822497611;0.444428172996476;-1.05502659964105;-0.0181628195532453;-1.53638049425835;-0.777271656905799
1903;0.272452149348007;2.27334813055838;-0.19748373830616;0.444428172996476;-1.05502659964105;-0.0181628195532453;-1.53638049425835;-0.777271656905799
1904;0.0246903914832364;2.27334813055838;-0.178537168088267;0.444428172996476;-1.05502659964105;-0.0181628195532453;-1.53638049425835;-0.777271656905799
1905;-0.287392069256606;2.27334813055838;-0.130927451396104;0.444428172996476;-1.05502659964105;-0.0181628195532453;-1.53638049425835;-0.777271656905799
1906;-0.147230622851091;2.27334813055838;-0.0911303452835215;0.444428172996476;-1.05502659964105;-0.0181628195532453;-1.53638049425835;-0.777271656905799
1907;-0.227788889689258;2.27334813055838;-0.118205069523391;0.444428172996476;-1.05502659964105;-0.0181628195532453;-1.53638049425835;-0.777271656905799
1908;-0.575412499152201;2.27334813055838;-0.217770257957978;0.444428172996476;-1.05502659964105;-0.0181628195532453;-1.53638049425835;-0.777271656905799
1909;-0.387983510562053;2.27334813055838;-0.270208807572998;0.444428172996476;-1.05502659964105;-0.0181628195532453;-1.53638049425835;-0.777271656905799
1910;0.0990557830796789;2.27334813055838;-0.258366895070708;0.444428172996476;-1.05502659964105;-0.0181628195532453;-1.53638049425835;-0.777271656905799
1911;0.173740646819363;2.27334813055838;-0.227507640955095;0.444428172996476;-1.05502659964105;-0.0181628195532453;-1.53638049425835;-0.777271656905799
1912;-0.126182074452984;2.27334813055838;-0.204317263006144;0.444428172996476;-1.05502659964105;-0.0181628195532453;-1.53638049425835;-0.777271656905799
1913;-0.723199734997862;2.27334813055838;-0.17857558808246;0.444428172996476;-1.05502659964105;-0.0181628195532453;-1.53638049425835;-0.777271656905799
1914;-0.499695104666972;2.27334813055838;-0.130676272683499;0.444428172996476;-1.05502659964105;-0.0181628195532453;-1.53638049425835;-0.777271656905799
1915;-0.1689729442337;2.27334813055838;-0.20214278827441;0.444428172996476;-1.05502659964105;-0.0181628195532453;-1.53638049425835;-0.777271656905799
1916;0.161361918305033;2.27334813055838;-0.266950065419203;0.444428172996476;-1.05502659964105;-0.0181628195532453;-1.53638049425835;-0.777271656905799
1917;0.00411488980025617;2.27334813055838;-0.253107490689033;0.444428172996476;-1.05502659964105;-0.0181628195532453;-1.53638049425835;-0.777271656905799
1918;-0.317995749915363;2.27334813055838;-0.178397384129153;0.444428172996476;-1.05502659964105;-0.0181628195532453;-1.53638049425835;-0.777271656905799
1919;0.0910096434275566;2.27334813055838;-0.139415110509095;0.444428172996476;-1.05502659964105;-0.0181628195532453;-1.53638049425835;-0.777271656905799
1920;-0.615609372829427;2.27334813055838;-0.140915922557885;0.444428172996476;-1.05502659964105;-0.0181628195532453;-1.53638049425835;-0.777271656905799
1921;-0.474332124628571;2.27334813055838;-0.165616940880601;0.444428172996476;-1.05502659964105;-0.0181628195532453;-1.53638049425835;-0.777271656905799
1922;0.0122436728487192;2.27334813055838;-0.182368314303128;0.444428172996476;-1.05502659964105;-0.0181628195532453;-1.53638049425835;-0.777271656905799
1923;0.0239013306009392;2.27334813055838;-0.157211092408236;0.444428172996476;-1.05502659964105;-0.0181628195532453;-1.53638049425835;-0.777271656905799
1924;-0.109872368466391;2.27334813055838;-0.154343491852461;0.444428172996476;-1.05502659964105;-0.0181628195532453;-1.53638049425835;-0.777271656905799
1925;-0.1839810647216;2.27334813055838;-0.0696230005692718;0.444428172996476;-1.05502659964105;-0.0181628195532453;-1.53638049425835;-0.777271656905799
1926;-0.0856482649221307;2.27334813055838;-0.0235739218085461;0.444428172996476;-1.05502659964105;-0.0181628195532453;-1.53638049425835;-0.777271656905799
1927;-0.163398844425011;2.27334813055838;-0.0727637507949819;0.444428172996476;-1.05502659964105;-0.0181628195532453;-1.53638049425835;-0.777271656905799
1928;-0.0664235309664449;2.27334813055838;-0.11352592319526;0.444428172996476;-1.05502659964105;-0.0181628195532453;-1.53638049425835;-0.777271656905799
1929;0.119685648985307;2.27334813055838;-0.149189472386835;0.444428172996476;-1.05502659964105;-0.0181628195532453;-1.53638049425835;-0.777271656905799
1930;0.231595540002465;2.27334813055838;-0.169823476913782;0.444428172996476;-1.05502659964105;-0.0181628195532453;-1.53638049425835;-0.777271656905799
1931;-0.0138413370213136;2.27334813055838;-0.228786910822142;0.444428172996476;-1.05502659964105;-0.0181628195532453;-1.53638049425835;-0.777271656905799
1932;-0.479654617015639;1.97883246208478;-0.285552404755562;0.46560765311418;-0.168900547299971;0.559232412486562;-0.272621965312647;0.143305223586958
1933;-0.383720393401847;1.97883246208478;-0.259666243331759;0.46560765311418;-0.168900547299971;0.559232412486562;-0.272621965312647;0.143305223586958
1934;-0.466507860382137;1.97883246208478;-0.309136876203621;0.46560765311418;-0.168900547299971;0.559232412486562;-0.272621965312647;0.143305223586958
1935;-0.390321109991073;1.97883246208478;-0.347478844945874;0.46560765311418;-0.168900547299971;0.559232412486562;-0.272621965312647;0.143305223586958
1936;-0.675282604005731;1.97883246208478;-0.4226561404013;0.46560765311418;-0.168900547299971;0.559232412486562;-0.272621965312647;0.143305223586958
1937;-0.731053783759211;1.97883246208478;-0.47540984516431;0.46560765311418;-0.168900547299971;0.559232412486562;-0.272621965312647;0.143305223586958
1938;0.192438083271592;1.97883246208478;-0.48025440980821;0.46560765311418;-0.168900547299971;0.559232412486562;-0.272621965312647;0.143305223586958
1939;-0.375020679733316;1.97883246208478;-0.407243645782287;0.46560765311418;-0.168900547299971;0.559232412486562;-0.272621965312647;0.143305223586958
1940;-0.151824147420066;1.97883246208478;-0.420035192646856;0.46560765311418;-0.168900547299971;0.559232412486562;-0.272621965312647;0.143305223586958
1941;-0.765614291575569;1.97883246208478;-0.339334556944065;0.46560765311418;-0.168900547299971;0.559232412486562;-0.272621965312647;0.143305223586958
1942;-1.00719166464574;1.97883246208478;-0.36514586427808;0.46560765311418;-0.168900547299971;0.559232412486562;-0.272621965312647;0.143305223586958
1943;-0.432166039840852;1.97883246208478;-0.448985151903777;0.46560765311418;-0.168900547299971;0.559232412486562;-0.272621965312647;0.143305223586958
1944;0.2635997798771;1.97883246208478;-0.442109023809157;0.46560765311418;-0.168900547299971;0.559232412486562;-0.272621965312647;0.143305223586958
1945;-0.518236578636771;1.97883246208478;-0.466317391508392;0.46560765311418;-0.168900547299971;0.559232412486562;-0.272621965312647;0.143305223586958
1946;0.131723753022186;1.97883246208478;-0.443457918472761;0.46560765311418;-0.168900547299971;0.559232412486562;-0.272621965312647;0.143305223586958
1947;-0.989166857099363;1.97883246208478;-0.363818829010518;0.46560765311418;-0.168900547299971;0.559232412486562;-0.272621965312647;0.143305223586958
1948;-0.645954792985377;1.97883246208478;-0.379880991635983;0.46560765311418;-0.168900547299971;0.559232412486562;-0.272621965312647;0.143305223586958
1949;-0.30625939878712;1.97883246208478;-0.472988673731425;0.46560765311418;-0.168900547299971;0.559232412486562;-0.272621965312647;0.143305223586958
1950;-0.39390782441241;1.97883246208478;-0.410930516474795;0.46560765311418;-0.168900547299971;0.559232412486562;-0.272621965312647;0.143305223586958
1951;-0.537019561219268;1.97883246208478;-0.452127745659232;0.46560765311418;-0.168900547299971;0.559232412486562;-0.272621965312647;0.143305223586958
1952;-0.21080077002331;1.97883246208478;-0.34131449918555;0.46560765311418;-0.168900547299971;0.559232412486562;-0.272621965312647;0.143305223586958
1953;-0.592787666095499;1.97883246208478;-0.294266243243669;0.46560765311418;-0.168900547299971;0.559232412486562;-0.272621965312647;0.143305223586958
1954;-0.667477041077317;1.97883246208478;-0.268605727880034;0.46560765311418;-0.168900547299971;0.559232412486562;-0.272621965312647;0.143305223586958
1955;0.102344993929523;1.97883246208478;-0.254823300083199;0.46560765311418;-0.168900547299971;0.559232412486562;-0.272621965312647;0.143305223586958
1956;-0.280248538822185;2.04351747329612;-0.246844314855289;0.641130968308704;-0.232121858489918;0.489182474386039;-0.34466225948941;0.0722601074483146
1957;0.118965607637467;2.04351747329612;-0.255499553221703;0.641130968308704;-0.232121858489918;0.489182474386039;-0.34466225948941;0.0722601074483146
1958;-0.175472233566574;2.04351747329612;-0.249592234176994;0.641130968308704;-0.232121858489918;0.489182474386039;-0.34466225948941;0.0722601074483146
1959;-0.0496542451507658;2.04351747329612;-0.187621098589289;0.641130968308704;-0.232121858489918;0.489182474386039;-0.34466225948941;0.0722601074483146
1960;-0.25608354644406;2.04351747329612;-0.225833661951182;0.641130968308704;-0.232121858489918;0.489182474386039;-0.34466225948941;0.0722601074483146
1961;-0.457229708940174;2.04351747329612;-0.22017571505402;0.641130968308704;-0.232121858489918;0.489182474386039;-0.34466225948941;0.0722601074483146
1962;-0.29735315368745;2.04351747329612;-0.223544787073808;0.641130968308704;-0.232121858489918;0.489182474386039;-0.34466225948941;0.0722601074483146
1963;-0.533714475648406;2.04351747329612;-0.22972226367765;0.641130968308704;-0.232121858489918;0.489182474386039;-0.34466225948941;0.0722601074483146
1964;-0.0477656852002653;2.04351747329612;-0.216473514983591;0.641130968308704;-0.232121858489918;0.489182474386039;-0.34466225948941;0.0722601074483146
1965;-0.279780639689408;2.04351747329612;-0.130783309713299;0.641130968308704;-0.232121858489918;0.489182474386039;-0.34466225948941;0.0722601074483146
1966;-0.223669069850562;2.04351747329612;-0.071473334884011;0.641130968308704;-0.232121858489918;0.489182474386039;-0.34466225948941;0.0722601074483146
1967;0.0852748874395872;2.04351747329612;-0.0761326376741811;0.641130968308704;-0.232121858489918;0.489182474386039;-0.34466225948941;0.0722601074483146
1968;-0.237246999604998;2.04351747329612;-0.0538592962084185;0.641130968308704;-0.232121858489918;0.489182474386039;-0.34466225948941;0.0722601074483146
1969;0.0828332417898297;2.04351747329612;-0.0749870695287728;0.641130968308704;-0.232121858489918;0.489182474386039;-0.34466225948941;0.0722601074483146
1970;0.600818506258853;2.04351747329612;-0.031482000554063;0.641130968308704;-0.232121858489918;0.489182474386039;-0.34466225948941;0.0722601074483146
1971;0.135870039352711;2.04351747329612;0.0984616995828199;0.641130968308704;-0.232121858489918;0.489182474386039;-0.34466225948941;0.0722601074483146
1972;-0.343946181589152;2.04351747329612;0.177066742600337;0.641130968308704;-0.232121858489918;0.489182474386039;-0.34466225948941;0.0722601074483146
1973;-0.31098106099078;2.04351747329612;0.198966302552668;0.641130968308704;-0.232121858489918;0.489182474386039;-0.34466225948941;0.0722601074483146
1974;-0.259043418403809;2.04351747329612;0.155531950300367;0.641130968308704;-0.232121858489918;0.489182474386039;-0.34466225948941;0.0722601074483146
1975;0.15527005005769;2.04351747329612;0.120098024392015;0.641130968308704;-0.232121858489918;0.489182474386039;-0.34466225948941;0.0722601074483146
1976;1.07576793151827;2.04351747329612;0.18487387556628;0.641130968308704;-0.232121858489918;0.489182474386039;-0.34466225948941;0.0722601074483146
1977;0.871325317614762;2.04351747329612;0.170664456421916;0.641130968308704;-0.232121858489918;0.489182474386039;-0.34466225948941;0.0722601074483146
1978;-0.0182514000816928;2.04351747329612;0.14142914377265;0.641130968308704;-0.232121858489918;0.489182474386039;-0.34466225948941;0.0722601074483146
1979;-0.351510280733184;2.04351747329612;0.126787871322485;0.641130968308704;-0.232121858489918;0.489182474386039;-0.34466225948941;0.0722601074483146
1980;0.246479247175333;2.04351747329612;0.114552740897008;0.641130968308704;-0.232121858489918;0.489182474386039;-0.34466225948941;0.0722601074483146
1981;0.783628551095363;2.04351747329612;-0.0503383638067017;0.641130968308704;-0.232121858489918;0.489182474386039;-0.34466225948941;0.0722601074483146
1982;-0.486040373032788;2.04351747329612;-0.0884093182755848;0.641130968308704;-0.232121858489918;0.489182474386039;-0.34466225948941;0.0722601074483146
1983;-0.603334187483443;2.04351747329612;-0.0147257663960896;0.641130968308704;-0.232121858489918;0.489182474386039;-0.34466225948941;0.0722601074483146
1984;-0.405456142905461;2.04351747329612;-0.00198086969270808;0.641130968308704;-0.232121858489918;0.489182474386039;-0.34466225948941;0.0722601074483146
1985;0.0329187458029219;2.04351747329612;0.0106852853212848;0.641130968308704;-0.232121858489918;0.489182474386039;-0.34466225948941;0.0722601074483146
1986;-0.573143115518828;2.04351747329612;0.019299698140151;0.641130968308704;-0.232121858489918;0.489182474386039;-0.34466225948941;0.0722601074483146
1987;0.490615772925931;2.04351747329612;0.135098690519791;0.641130968308704;-0.232121858489918;0.489182474386039;-0.34466225948941;0.0722601074483146
1988;0.718584118713259;2.04351747329612;0.279036822021784;0.641130968308704;-0.232121858489918;0.489182474386039;-0.34466225948941;0.0722601074483146
1989;-0.224061313699368;2.04351747329612;0.336155302206442;0.641130968308704;-0.232121858489918;0.489182474386039;-0.34466225948941;0.0722601074483146
1990;0.373140797315262;2.04351747329612;0.405622133176238;0.641130968308704;-0.232121858489918;0.489182474386039;-0.34466225948941;0.0722601074483146
1991;0.869772679284025;2.04351747329612;0.654620931821905;0.641130968308704;-0.232121858489918;0.489182474386039;-0.34466225948941;0.0722601074483146
1992;0.671949550763614;2.15653183771244;0.579270689889226;0.690956161633254;-0.913978533887738;-0.106970898728412;-1.27767889639262;-0.692324897560514
1993;0.836047127536487;2.15653183771244;0.550419996747544;0.690956161633254;-0.913978533887738;-0.106970898728412;-1.27767889639262;-0.692324897560514
1994;0.165728658941114;2.15653183771244;0.576370645405671;0.690956161633254;-0.913978533887738;-0.106970898728412;-1.27767889639262;-0.692324897560514
1995;0.727587055500886;2.15653183771244;0.453277522459307;0.690956161633254;-0.913978533887738;-0.106970898728412;-1.27767889639262;-0.692324897560514
1996;1.91684487093784;2.15653183771244;0.377143362456173;0.690956161633254;-0.913978533887738;-0.106970898728412;-1.27767889639262;-0.692324897560514
1997;-0.262886646400863;2.27334813055838;0.390251361554029;0.444428172996476;-1.05502659964105;-0.0181628195532453;-1.53638049425835;-0.777271656905799
1998;0.430077187296438;2.73263310464914;0.433718091763854;0.520567032806358;-0.743493432945806;0.0534018032532034;-1.99517157231769;-0.970884884532243
1999;0.0354451728818976;2.73263310464914;0.540193610599639;0.520567032806358;-0.743493432945806;0.0534018032532034;-1.99517157231769;-0.970884884532243
2000;-0.857790432148375;2.73263310464914;0.432923019130576;0.520567032806358;-0.743493432945806;0.0534018032532034;-1.99517157231769;-0.970884884532243
2001;0.108431079252687;2.73263310464914;0.299214018810754;0.520567032806358;-0.743493432945806;0.0534018032532034;-1.99517157231769;-0.970884884532243
2002;0.803029541742174;2.73263310464914;NA;0.520567032806358;-0.743493432945806;0.0534018032532034;-1.99517157231769;-0.970884884532243
2003;1.27071442963474;2.73263310464914;NA;0.520567032806358;-0.743493432945806;0.0534018032532034;-1.99517157231769;-0.970884884532243
2004;1.23048384729896;2.73263310464914;NA;0.520567032806358;-0.743493432945806;0.0534018032532034;-1.99517157231769;-0.970884884532243
2005;-0.345118859189738;2.73263310464914;NA;0.520567032806358;-0.743493432945806;0.0534018032532034;-1.99517157231769;-0.970884884532243
2006;0.57975486773962;2.73263310464914;NA;0.520567032806358;-0.743493432945806;0.0534018032532034;-1.99517157231769;-0.970884884532243
